Company Name,Model Name,Mobile Weight,RAM,Front Camera,Back Camera,Processor,Battery Capacity,Screen Size,Launched Year,Average Price,Storage
Apple,iPhone 16 128GB,174.0,6.0,12MP,48MP,17,3600,6.1,2024,827.32,128
Apple,iPhone 16 256GB,174.0,6.0,12MP,48MP,17,3600,6.1,2024,875.72,256
Apple,iPhone 16 512GB,174.0,6.0,12MP,48MP,17,3600,6.1,2024,926.92,512
Apple,iPhone 16 Plus 128GB,203.0,6.0,12MP,48MP,17,4200,6.7,2024,922.12,128
Apple,iPhone 16 Plus 256GB,203.0,6.0,12MP,48MP,17,4200,6.7,2024,970.52,256
Apple,iPhone 16 Plus 512GB,203.0,6.0,12MP,48MP,17,4200,6.7,2024,1040.12,512
Apple,iPhone 16 Pro 128GB,206.0,6.0,12MP / 4K,50MP + 12MP,17,4400,6.1,2024,1029.92,128
Apple,iPhone 16 Pro 256GB,206.0,8.0,12MP / 4K,50MP + 12MP,17,4400,6.1,2024,1072.72,256
Apple,iPhone 16 Pro 512GB,206.0,8.0,12MP / 4K,50MP + 12MP,17,4400,6.1,2024,1143.12,512
Apple,iPhone 16 Pro Max 128GB,221.0,6.0,12MP / 4K,48MP + 12MP,17,4500,6.7,2024,1125.72,128
Apple,iPhone 16 Pro Max 256GB,221.0,8.0,12MP / 4K,48MP + 12MP,17,4500,6.7,2024,1184.12,256
Apple,iPhone 16 Pro Max 512GB,221.0,8.0,12MP / 4K,48MP + 12MP,17,4500,6.7,2024,1264.52,512
Apple,iPhone 15 128GB,171.0,6.0,12MP,48MP,16,3200,6.1,2023,781.52,128
Apple,iPhone 15 256GB,171.0,6.0,12MP,48MP,16,3200,6.1,2023,835.32,256
Apple,iPhone 15 512GB,171.0,6.0,12MP,48MP,16,3200,6.1,2023,908.52,512
Apple,iPhone 15 Plus 128GB,203.0,6.0,12MP,48MP,16,4300,6.7,2023,885.32,128
Apple,iPhone 15 Plus 256GB,203.0,6.0,12MP,48MP,16,4300,6.7,2023,961.32,256
Apple,iPhone 15 Plus 512GB,203.0,6.0,12MP,48MP,16,4300,6.7,2023,1037.32,512
Apple,iPhone 15 Pro 128GB,206.0,6.0,12MP / 4K,48MP + 12MP,16,4400,6.1,2023,1048.12,128
Apple,iPhone 15 Pro 256GB,206.0,8.0,12MP / 4K,48MP + 12MP,16,4400,6.1,2023,1118.52,256
Apple,iPhone 15 Pro 512GB,206.0,8.0,12MP / 4K,48MP + 12MP,16,4400,6.1,2023,1212.52,512
Apple,iPhone 15 Pro Max 128GB,221.0,6.0,12MP / 4K,48MP + 12MP,16,4500,6.7,2023,1177.12,128
Apple,iPhone 15 Pro Max 256GB,221.0,8.0,12MP / 4K,48MP + 12MP,16,4500,6.7,2023,1250.12,256
Apple,iPhone 15 Pro Max 512GB,221.0,8.0,12MP / 4K,48MP + 12MP,16,4500,6.7,2023,1333.32,512
Apple,iPhone 14 128GB,172.0,6.0,12MP,12MP + 12MP,15,3200,6.1,2022,752.32,128
Apple,iPhone 14 256GB,172.0,6.0,12MP,12MP + 12MP,15,3200,6.1,2022,808.92,256
Apple,iPhone 14 512GB,172.0,6.0,12MP,12MP + 12MP,15,3200,6.1,2022,882.12,512
Apple,iPhone 14 Plus 128GB,203.0,6.0,12MP,12MP + 12MP,15,4325,6.7,2022,846.12,128
Apple,iPhone 14 Plus 256GB,203.0,6.0,12MP,12MP + 12MP,15,4325,6.7,2022,907.32,256
Apple,iPhone 14 Plus 512GB,203.0,6.0,12MP,12MP + 12MP,15,4325,6.7,2022,970.52,512
Apple,iPhone 14 Pro 128GB,206.0,6.0,12MP / 4K,48MP + 12MP,16,4200,6.1,2022,1097.52,128
Apple,iPhone 14 Pro 256GB,206.0,8.0,12MP / 4K,48MP + 12MP,16,4200,6.1,2022,1167.92,256
Apple,iPhone 14 Pro 512GB,206.0,8.0,12MP / 4K,48MP + 12MP,16,4200,6.1,2022,1268.52,512
Apple,iPhone 14 Pro Max 128GB,221.0,6.0,12MP / 4K,48MP + 12MP,16,4500,6.7,2022,1216.52,128
Apple,iPhone 14 Pro Max 256GB,221.0,8.0,12MP / 4K,48MP + 12MP,16,4500,6.7,2022,1296.92,256
Apple,iPhone 14 Pro Max 512GB,221.0,8.0,12MP / 4K,48MP + 12MP,16,4500,6.7,2022,1385.52,512
Apple,iPhone 13 mini 128GB,140.0,4.0,12MP,12MP,15,2438,5.4,2021,719.48,128
Apple,iPhone 13 mini 256GB,140.0,4.0,12MP,12MP,15,2438,5.4,2021,791.48,256
Apple,iPhone 13 mini 512GB,140.0,4.0,12MP,12MP,15,2438,5.4,2021,870.08,512
Apple,iPhone 13 128GB,174.0,4.0,12MP,12MP + 12MP,15,3240,6.1,2021,795.88,128
Apple,iPhone 13 256GB,174.0,4.0,12MP,12MP + 12MP,15,3240,6.1,2021,869.08,256
Apple,iPhone 13 512GB,174.0,4.0,12MP,12MP + 12MP,15,3240,6.1,2021,960.28,512
Apple,iPhone 13 Pro 128GB,204.0,6.0,12MP / 4K,12MP + 12MP + 12MP,15,3095,6.1,2021,1120.28,128
Apple,iPhone 13 Pro 256GB,204.0,6.0,12MP / 4K,12MP + 12MP + 12MP,15,3095,6.1,2021,1200.68,256
Apple,iPhone 13 Pro 512GB,204.0,6.0,12MP / 4K,12MP + 12MP + 12MP,15,3095,6.1,2021,1291.08,512
Apple,iPhone 13 Pro Max 128GB,238.0,6.0,12MP / 4K,12MP + 12MP + 12MP,15,4352,6.7,2021,1224.68,128
Apple,iPhone 13 Pro Max 256GB,238.0,6.0,12MP / 4K,12MP + 12MP + 12MP,15,4352,6.7,2021,1315.08,256
Apple,iPhone 13 Pro Max 512GB,238.0,6.0,12MP / 4K,12MP + 12MP + 12MP,15,4352,6.7,2021,1422.68,512
Apple,iPhone 12 mini 64GB,135.0,4.0,12MP,12MP,14,2227,5.4,2020,719.48,64
Apple,iPhone 12 mini 128GB,135.0,4.0,12MP,12MP,14,2227,5.4,2020,791.48,128
Apple,iPhone 12 mini 256GB,135.0,4.0,12MP,12MP,14,2227,5.4,2020,870.08,256
Apple,iPhone 12 64GB,164.0,4.0,12MP,12MP + 12MP,14,2815,6.1,2020,795.88,64
Apple,iPhone 12 128GB,164.0,4.0,12MP,12MP + 12MP,14,2815,6.1,2020,869.08,128
Apple,iPhone 12 256GB,164.0,4.0,12MP,12MP + 12MP,14,2815,6.1,2020,960.28,256
Apple,iPhone 12 Pro 128GB,189.0,6.0,12MP / 4K,12MP + 12MP + 12MP,14,2815,6.1,2020,1134.68,128
Apple,iPhone 12 Pro 256GB,189.0,6.0,12MP / 4K,12MP + 12MP + 12MP,14,2815,6.1,2020,1215.08,256
Apple,iPhone 12 Pro 512GB,189.0,6.0,12MP / 4K,12MP + 12MP + 12MP,14,2815,6.1,2020,1298.28,512
Apple,iPhone 12 Pro Max 128GB,228.0,6.0,12MP / 4K,12MP + 12MP + 12MP,14,3687,6.7,2020,1241.88,128
Apple,iPhone 12 Pro Max 256GB,228.0,6.0,12MP / 4K,12MP + 12MP + 12MP,14,3687,6.7,2020,1322.28,256
Apple,iPhone 12 Pro Max 512GB,228.0,6.0,12MP / 4K,12MP + 12MP + 12MP,14,3687,6.7,2020,1422.68,512
Apple,iPhone 11 64GB,194.0,4.0,12MP,12MP + 12MP,13,3110,6.1,2019,699.68,64
Apple,iPhone 11 128GB,194.0,4.0,12MP,12MP + 12MP,13,3110,6.1,2019,789.08,128
Apple,iPhone 11 256GB,194.0,4.0,12MP,12MP + 12MP,13,3110,6.1,2019,867.68,256
Apple,iPhone 11 Pro 64GB,188.0,4.0,12MP / 4K,12MP + 12MP + 12MP,13,3046,5.8,2019,999.08,64
Apple,iPhone 11 Pro 256GB,188.0,4.0,12MP / 4K,12MP + 12MP + 12MP,13,3046,5.8,2019,1090.28,256
Apple,iPhone 11 Pro 512GB,188.0,4.0,12MP / 4K,12MP + 12MP + 12MP,13,3046,5.8,2019,1187.08,512
Apple,iPhone 11 Pro Max 64GB,226.0,4.0,12MP / 4K,12MP + 12MP + 12MP,13,3969,6.5,2019,1133.88,64
Apple,iPhone 11 Pro Max 256GB,226.0,4.0,12MP / 4K,12MP + 12MP + 12MP,13,3969,6.5,2019,1214.28,256
Apple,iPhone 11 Pro Max 512GB,226.0,4.0,12MP / 4K,12MP + 12MP + 12MP,13,3969,6.5,2019,1331.08,512
Apple,iPhone X 64GB,174.0,3.0,7MP,12MP + 12MP,11,2716,5.8,2017,974.37,64
Apple,iPhone X 256GB,174.0,3.0,7MP,12MP + 12MP,11,2716,5.8,2017,1065.57,256
Apple,iPhone XS 64GB,177.0,4.0,7MP,12MP + 12MP,12,2658,5.8,2018,1065.77,64
Apple,iPhone XS 256GB,177.0,4.0,7MP,12MP + 12MP,12,2658,5.8,2018,1162.57,256
Apple,iPhone XS 512GB,177.0,4.0,7MP,12MP + 12MP,12,2658,5.8,2018,1284.77,512
Apple,iPhone XS Max 64GB,208.0,4.0,7MP,12MP + 12MP,12,3174,6.5,2018,1183.57,64
Apple,iPhone XS Max 256GB,208.0,4.0,7MP,12MP + 12MP,12,3174,6.5,2018,1290.37,256
Apple,iPhone XS Max 512GB,208.0,4.0,7MP,12MP + 12MP,12,3174,6.5,2018,1391.77,512
Apple,iPhone XR 64GB,194.0,3.0,7MP,12MP + 12MP,12,2942,6.1,2018,735.68,64
Apple,iPhone XR 128GB,194.0,3.0,7MP,12MP + 12MP,12,2942,6.1,2018,812.48,128
Apple,iPhone XR 256GB,194.0,3.0,7MP,12MP + 12MP,12,2942,6.1,2018,901.08,256
Apple,iPad Air 10.9-inch 64GB,458.0,4.0,12MP,12MP,14,7608,10.9,2020,514.88,64
Apple,iPad Air 10.9-inch 256GB,458.0,4.0,12MP,12MP,14,7608,10.9,2020,608.88,256
Apple,iPad 10.2-inch 32GB,490.0,3.0,12MP,8MP,13,8612,10.2,2020,302.68,32
Apple,iPad 10.2-inch 128GB,490.0,3.0,12MP,8MP,13,8612,10.2,2020,381.28,128
Apple,iPad Mini 7.9-inch 64GB,300.5,3.0,7MP,8MP,12,5124,7.9,2019,404.88,64
Apple,iPad Mini 7.9-inch 256GB,300.5,3.0,7MP,8MP,12,5124,7.9,2019,480.68,256
Apple,iPad Pro 11-inch 128GB,468.0,4.0,7MP,12MP + 10MP,12,7812,11.0,2020,770.68,128
Apple,iPad Pro 11-inch 256GB,468.0,4.0,7MP,12MP + 10MP,12,7812,11.0,2020,892.28,256
Apple,iPad Pro 11-inch 512GB,468.0,6.0,7MP,12MP + 10MP,12,7812,11.0,2020,1044.08,512
Apple,iPad Pro 12.9-inch 128GB,682.0,6.0,7MP,12MP + 10MP,12,9720,12.9,2020,1015.08,128
Apple,iPad Pro 12.9-inch 256GB,682.0,6.0,7MP,12MP + 10MP,12,9720,12.9,2020,1126.68,256
Apple,iPad Pro 12.9-inch 512GB,682.0,6.0,7MP,12MP + 10MP,12,9720,12.9,2020,1240.68,512
Apple,iPad Pro 13-inch 128GB,708.0,6.0,7MP,12MP + 10MP,12,10307,13.0,2020,1181.28,128
Apple,iPad Pro 13-inch 256GB,708.0,6.0,7MP,12MP + 10MP,12,10307,13.0,2020,1293.88,256
Apple,iPad Pro 13-inch 512GB,708.0,6.0,7MP,12MP + 10MP,12,10307,13.0,2020,1447.28,512
Apple,iPad Pro 13-inch 1TB,708.0,6.0,7MP,12MP + 10MP,12,10307,13.0,2020,1615.08,1024
Apple,iPad Pro 13-inch 2TB,708.0,6.0,7MP,12MP + 10MP,12,10307,13.0,2020,1770.48,2048
Samsung,Galaxy S24 Ultra 128GB,234.0,12.0,12MP,200MP + 12MP,2400,5000,6.8,2024,1290.08,128
Samsung,Galaxy S24 Ultra 256GB,234.0,12.0,12MP,200MP + 12MP,2400,5000,6.8,2024,1380.48,256
Samsung,Galaxy S24+ 128GB,196.0,8.0,12MP,50MP + 12MP,2400,4800,6.6,2024,1051.48,128
Samsung,Galaxy S24+ 256GB,196.0,8.0,12MP,50MP + 12MP,2400,4800,6.6,2024,1150.28,256
Samsung,Galaxy S24 128GB,168.0,8.0,12MP,50MP + 12MP,2400,4000,6.1,2024,944.08,128
Samsung,Galaxy S24 256GB,168.0,8.0,12MP,50MP + 12MP,2400,4000,6.1,2024,1031.68,256
Samsung,Galaxy S23 Ultra 128GB,228.0,12.0,12MP,200MP + 12MP,82,5000,6.8,2023,1241.88,128
Samsung,Galaxy S23 Ultra 256GB,228.0,12.0,12MP,200MP + 12MP,82,5000,6.8,2023,1343.28,256
Samsung,Galaxy S23+ 128GB,196.0,8.0,12MP,50MP + 12MP,82,4700,6.6,2023,987.88,128
Samsung,Galaxy S23+ 256GB,196.0,8.0,12MP,50MP + 12MP,82,4700,6.6,2023,1081.08,256
Samsung,Galaxy S23 128GB,168.0,8.0,12MP,50MP + 12MP,82,3900,6.1,2023,879.28,128
Samsung,Galaxy S23 256GB,168.0,8.0,12MP,50MP + 12MP,82,3900,6.1,2023,969.68,256
Samsung,Galaxy S22 Ultra 128GB,228.0,12.0,10MP,108MP + 12MP,2200,5000,6.8,2022,1177.68,128
Samsung,Galaxy S22 Ultra 256GB,228.0,12.0,10MP,108MP + 12MP,2200,5000,6.8,2022,1276.28,256
Samsung,Galaxy S22+ 128GB,195.0,8.0,10MP,50MP + 12MP,2200,4500,6.6,2022,949.68,128
Samsung,Galaxy S22+ 256GB,195.0,8.0,10MP,50MP + 12MP,2200,4500,6.6,2022,1045.48,256
Samsung,Galaxy S22 128GB,167.0,8.0,10MP,50MP + 12MP,2200,3800,6.1,2022,839.48,128
Samsung,Galaxy S22 256GB,167.0,8.0,10MP,50MP + 12MP,2200,3800,6.1,2022,929.88,256
Samsung,Galaxy Z Fold 5 256GB,254.0,12.0,10MP,50MP + 12MP,82,4400,7.6,2023,1805.48,256
Samsung,Galaxy Z Fold 5 512GB,254.0,12.0,10MP,50MP + 12MP,82,4400,7.6,2023,1964.48,512
Samsung,Galaxy Z Flip 5 256GB,187.0,8.0,12MP,12MP + 12MP,82,3700,6.7,2023,1124.88,256
Samsung,Galaxy Z Flip 5 512GB,187.0,8.0,12MP,12MP + 12MP,82,3700,6.7,2023,1234.68,512
Samsung,Galaxy Z Fold 4 256GB,263.0,12.0,10MP,50MP + 12MP,81,4400,7.6,2022,1688.08,256
Samsung,Galaxy Z Fold 4 512GB,263.0,12.0,10MP,50MP + 12MP,81,4400,7.6,2022,1852.48,512
Samsung,Galaxy Z Flip 4 256GB,187.0,8.0,10MP,12MP + 12MP,81,3700,6.7,2022,1035.08,256
Samsung,Galaxy Z Flip 4 512GB,187.0,8.0,10MP,12MP + 12MP,81,3700,6.7,2022,1144.88,512
Samsung,Galaxy A54 128GB,189.0,6.0,32MP,50MP + 12MP,1380,5000,6.4,2023,345.32,128
Samsung,Galaxy A54 256GB,189.0,6.0,32MP,50MP + 12MP,1380,5000,6.4,2023,388.32,256
Samsung,Galaxy A34 128GB,199.0,6.0,13MP,48MP + 8MP,1080,5000,6.6,2023,299.52,128
Samsung,Galaxy A34 256GB,199.0,6.0,13MP,48MP + 8MP,1080,5000,6.6,2023,339.72,256
Samsung,Galaxy A24 128GB,195.0,6.0,13MP,50MP + 5MP,99,5000,6.5,2023,267.72,128
Samsung,Galaxy A24 256GB,195.0,6.0,13MP,50MP + 5MP,99,5000,6.5,2023,307.92,256
Samsung,Galaxy A14 128GB,190.0,4.0,13MP,50MP + 2MP,850,5000,6.6,2023,238.72,128
Samsung,Galaxy A14 256GB,190.0,4.0,13MP,50MP + 2MP,850,5000,6.6,2023,275.32,256
Samsung,Galaxy A04 64GB,188.0,4.0,5MP,50MP + 2MP,850,5000,6.5,2022,193.92,64
Samsung,Galaxy A04 128GB,188.0,4.0,5MP,50MP + 2MP,850,5000,6.5,2022,230.52,128
Samsung,Galaxy M54 128GB,202.0,8.0,32MP,108MP + 8MP,1380,6000,6.7,2023,324.72,128
Samsung,Galaxy M54 256GB,202.0,8.0,32MP,108MP + 8MP,1380,6000,6.7,2023,360.12,256
Samsung,Galaxy M34 128GB,199.0,6.0,13MP,50MP + 8MP,1280,6000,6.5,2023,260.32,128
Samsung,Galaxy M34 256GB,199.0,6.0,13MP,50MP + 8MP,1280,6000,6.5,2023,298.52,256
Samsung,Galaxy M14 128GB,202.0,4.0,13MP,50MP + 2MP,850,6000,6.6,2023,222.12,128
Samsung,Galaxy M14 256GB,202.0,4.0,13MP,50MP + 2MP,850,6000,6.6,2023,257.52,256
Samsung,Galaxy M04 64GB,188.0,4.0,5MP,13MP + 2MP,35,5000,6.5,2022,186.32,64
Samsung,Galaxy M04 128GB,188.0,4.0,5MP,13MP + 2MP,35,5000,6.5,2022,221.72,128
Samsung,Galaxy F54 128GB,199.0,8.0,32MP,108MP + 8MP,1380,6000,6.7,2023,320.32,128
Samsung,Galaxy F54 256GB,199.0,8.0,32MP,108MP + 8MP,1380,6000,6.7,2023,355.72,256
Samsung,Galaxy F34 128GB,190.0,6.0,13MP,50MP + 8MP,1280,6000,6.5,2023,265.52,128
Samsung,Galaxy F34 256GB,190.0,6.0,13MP,50MP + 8MP,1280,6000,6.5,2023,300.92,256
Samsung,Galaxy F14 128GB,198.0,4.0,13MP,50MP + 2MP,850,6000,6.6,2023,222.12,128
Samsung,Galaxy F14 256GB,198.0,4.0,13MP,50MP + 2MP,850,6000,6.6,2023,257.52,256
Samsung,Galaxy Note 20 Ultra 128GB,208.0,12.0,10MP,108MP + 12MP,990,4500,6.9,2020,1096.32,128
Samsung,Galaxy Note 20 Ultra 256GB,208.0,12.0,10MP,108MP + 12MP,990,4500,6.9,2020,1183.72,256
Samsung,Galaxy Note 20 128GB,192.0,8.0,10MP,108MP + 12MP,990,4300,6.7,2020,892.92,128
Samsung,Galaxy Note 20 256GB,192.0,8.0,10MP,108MP + 12MP,990,4300,6.7,2020,983.72,256
Samsung,Galaxy Note 10+ 256GB,196.0,12.0,10MP,12MP + 16MP,9825,4300,6.8,2019,901.92,256
Samsung,Galaxy Note 10+ 512GB,196.0,12.0,10MP,12MP + 16MP,9825,4300,6.8,2019,996.12,512
Samsung,Galaxy Note 10 256GB,168.0,8.0,10MP,12MP + 16MP,9825,3500,6.3,2019,805.92,256
Samsung,Galaxy Note 10 128GB,168.0,8.0,10MP,12MP + 16MP,9825,3500,6.3,2019,739.32,128
Samsung,Galaxy Xcover 6 Pro 128GB,235.0,6.0,13MP,50MP,1380,4050,6.6,2022,379.52,128
Samsung,Galaxy Xcover 5 64GB,172.0,4.0,5MP,16MP,850,3000,5.3,2020,212.72,64
Samsung,Galaxy J8 64GB,191.0,4.0,16MP,16MP + 5MP,450,3500,6.0,2018,208.49,64
Samsung,Galaxy J7 Pro 64GB,181.0,3.0,13MP,13MP,7870,3600,5.5,2017,192.69,64
Samsung,Galaxy J6+ 64GB,178.0,4.0,8MP,13MP + 5MP,425,3300,6.0,2018,180.72,64
Samsung,Galaxy J4 16GB,175.0,2.0,5MP,13MP,7570,3000,5.5,2018,122.69,16
Samsung,Galaxy C9 Pro 64GB,189.0,6.0,16MP,16MP + 8MP,653,4000,6.0,2016,362.69,64
Samsung,Galaxy C7 Pro 64GB,165.0,4.0,16MP,16MP,625,3300,5.7,2017,274.89,64
Samsung,Galaxy C5 32GB,143.0,4.0,8MP,16MP,617,2600,5.2,2016,222.89,32
Samsung,Galaxy W22 5G 256GB,228.0,12.0,10MP,108MP + 12MP,888,4500,7.6,2021,1346.32,256
Samsung,Galaxy W21 5G 256GB,229.0,12.0,10MP,108MP + 12MP,888,4500,7.6,2020,1232.92,256
Samsung,Galaxy Tab S9 Ultra 256GB,732.0,12.0,12MP + 12MP,13MP + 8MP,82,11200,14.6,2023,1290.72,256
Samsung,Galaxy Tab S9+ 256GB,586.0,12.0,12MP,13MP + 8MP,82,10090,12.4,2023,1103.72,256
Samsung,Galaxy Tab S9 128GB,498.0,8.0,12MP,13MP,82,8400,11.0,2023,914.32,128
Samsung,Galaxy Tab S9 FE 128GB,523.0,6.0,12MP,8MP,1380,8000,10.9,2023,599.72,128
Samsung,Galaxy Tab S8 Ultra 256GB,726.0,12.0,12MP + 12MP,13MP + 6MP,81,11200,14.6,2022,1212.32,256
Samsung,Galaxy Tab S8+ 256GB,567.0,8.0,12MP,13MP + 6MP,81,10090,12.4,2022,1019.92,256
Samsung,Galaxy Tab S8 128GB,503.0,8.0,12MP,13MP + 6MP,81,8000,11.0,2022,821.72,128
Samsung,Galaxy Tab A9+ 128GB,480.0,8.0,5MP,8MP,695,7040,11.0,2023,271.92,128
Samsung,Galaxy Tab A9 64GB,366.0,4.0,2MP,8MP,99,5100,8.7,2023,204.72,64
Samsung,Galaxy Tab A8 64GB,508.0,4.0,5MP,8MP,618,7040,10.5,2022,217.08,64
Samsung,Galaxy Tab A7 Lite 32GB,366.0,3.0,2MP,8MP,22,5100,8.7,2021,147.72,32
Samsung,Galaxy Tab Active 5 128GB,433.0,6.0,5MP,13MP,1380,5050,8.0,2024,572.12,128
Samsung,Galaxy Tab Active 4 Pro 128GB,674.0,6.0,8MP,13MP,778,7600,10.1,2022,676.12,128
Samsung,Galaxy Tab Active 3 64GB,426.0,4.0,5MP,13MP,9810,5050,8.0,2020,480.72,64
Samsung,Galaxy Tab E 10.1 16GB,490.0,1.5,2MP,5MP,8830,5000,10.1,2016,127.12,16
Samsung,Galaxy Tab E 8.0 16GB,360.0,1.5,2MP,5MP,8916,5000,8.0,2016,104.28,16
OnePlus,OnePlus 12 256GB,205.0,12.0,32MP,50MP + 48MP,83,5000,6.7,2024,838.92,256
OnePlus,OnePlus 12R 256GB,203.0,12.0,16MP,50MP + 8MP,82,4500,6.7,2024,642.92,256
OnePlus,OnePlus 11 256GB,205.0,12.0,16MP,50MP + 48MP,81,5000,6.7,2023,692.52,256
OnePlus,OnePlus 11R 256GB,202.0,12.0,16MP,50MP + 8MP,81,5000,6.7,2023,584.32,256
OnePlus,OnePlus Nord 3 256GB,190.0,12.0,16MP,50MP + 8MP,9000,5000,7.1,2023,476.12,256
OnePlus,OnePlus Nord CE 3 128GB,179.0,8.0,16MP,50MP + 2MP,782,5000,6.9,2023,355.52,128
OnePlus,OnePlus Nord CE 3 Lite 128GB,195.0,8.0,16MP,108MP,695,5000,6.9,2023,269.72,128
OnePlus,OnePlus Nord N30 5G 128GB,192.0,8.0,16MP,64MP + 2MP,6020,5000,6.9,2023,240.12,128
OnePlus,OnePlus Open 256GB,238.0,16.0,32MP,48MP + 48MP,82,4800,7.8,2024,1043.92,256
OnePlus,OnePlus 10 Pro 256GB,200.0,12.0,32MP,50MP + 48MP,81,5000,6.7,2022,797.92,256
OnePlus,OnePlus 10T 256GB,203.0,12.0,16MP,50MP + 8MP,81,4500,6.7,2022,699.52,256
OnePlus,OnePlus 9 Pro 256GB,192.0,12.0,16MP,48MP + 50MP,888,4500,6.7,2021,682.12,256
OnePlus,OnePlus 9 128GB,183.0,8.0,16MP,48MP + 50MP,888,4500,7.0,2021,551.52,128
OnePlus,OnePlus 11 Pro 256GB,204.0,16.0,32MP,50MP + 48MP,82,5000,6.7,2023,891.72,256
OnePlus,OnePlus Nord 2T 128GB,190.0,8.0,32MP,50MP + 8MP,1300,4500,6.7,2022,361.52,128
OnePlus,OnePlus Nord 2 128GB,190.0,8.0,32MP,50MP + 8MP,1200,4500,6.7,2021,325.52,128
OnePlus,OnePlus Nord N200 64GB,189.0,4.0,16MP,13MP + 2MP,480,5000,7.3,2021,183.72,64
OnePlus,OnePlus Nord N100 64GB,185.0,4.0,8MP,13MP + 2MP,460,5000,6.7,2020,157.12,64
OnePlus,OnePlus 8T Cyberpunk 2077 Edition 256GB,188.0,12.0,16MP,48MP + 16MP,865,4500,7.0,2020,626.52,256
OnePlus,OnePlus 9T 128GB,192.0,8.0,16MP,48MP + 50MP,888,4500,7.0,2021,633.72,128
OnePlus,OnePlus 8T 256GB,188.0,12.0,16MP,48MP + 16MP,865,4500,7.0,2020,542.32,256
OnePlus,OnePlus 10T 5G 256GB,203.0,12.0,16MP,50MP + 8MP,81,4500,6.7,2022,699.52,256
OnePlus,OnePlus 9R 5G 128GB,189.0,8.0,16MP,48MP + 5MP,870,4500,7.0,2021,563.92,128
OnePlus,OnePlus 8 Pro 256GB,199.0,12.0,16MP,48MP + 48MP,865,4510,7.5,2020,698.92,256
OnePlus,OnePlus 8 128GB,180.0,8.0,16MP,48MP + 16MP,865,4300,7.0,2020,559.92,128
OnePlus,OnePlus Nord CE 2 Lite 128GB,195.0,6.0,16MP,64MP + 2MP,900,5000,7.4,2022,238.12,128
OnePlus,OnePlus Nord CE 2 128GB,173.0,8.0,16MP,64MP + 8MP,1200,4500,6.7,2022,304.32,128
OnePlus,OnePlus Nord 1 128GB,184.0,6.0,16MP,48MP + 5MP,765,4115,6.8,2020,300.72,128
OnePlus,OnePlus Nord CE 5G 128GB,170.0,6.0,16MP,64MP + 8MP,750,4500,6.7,2021,310.32,128
OnePlus,OnePlus Nord 2 5G 128GB,189.0,8.0,32MP,50MP + 8MP,1200,4500,6.7,2021,359.12,128
OnePlus,OnePlus Nord N100 5G 64GB,185.0,4.0,8MP,13MP + 2MP,460,5000,6.7,2020,157.12,64
OnePlus,OnePlus Nord N10 5G 128GB,190.0,6.0,16MP,64MP + 8MP,690,4300,7.3,2020,253.52,128
OnePlus,OnePlus 8R 128GB,192.0,8.0,16MP,48MP + 5MP,865,4300,7.0,2020,549.92,128
OnePlus,OnePlus 7R 128GB,190.0,6.0,16MP,48MP + 5MP,855,3700,6.5,2020,511.72,128
OnePlus,OnePlus 6T McLaren Edition 256GB,185.0,10.0,16MP,20MP + 16MP,845,3700,6.5,2018,699.92,256
OnePlus,OnePlus 5T Star Wars Edition 128GB,162.0,6.0,16MP,16MP + 20MP,835,3300,6.1,2017,511.52,128
OnePlus,OnePlus 13R 128GB,210.0,8.0,16MP,50MP + 8MP,82,4500,6.7,2023,884.52,128
OnePlus,OnePlus 11T 128GB,202.0,12.0,32MP,50MP + 48MP,82,5000,6.7,2023,840.72,128
OnePlus,OnePlus 10R 128GB,205.0,8.0,16MP,50MP + 16MP,8100,4500,6.7,2022,606.32,128
OnePlus,OnePlus 7 Pro 5G 256GB,206.0,12.0,16MP,48MP + 8MP,855,4000,7.3,2019,735.92,256
OnePlus,OnePlus 6 Special Edition 128GB,177.0,6.0,16MP,20MP + 16MP,845,3300,7.0,2018,515.92,128
OnePlus,OnePlus 5 Special Edition 128GB,155.0,8.0,16MP,20MP + 16MP,835,3300,5.5,2017,498.92,128
OnePlus,OnePlus Nord X 128GB,190.0,8.0,32MP,64MP + 8MP,765,4000,6.8,2020,310.32,128
OnePlus,OnePlus 8 Pro McLaren Edition 256GB,199.0,12.0,16MP,48MP + 8MP,865,4510,7.5,2020,780.52,256
OnePlus,OnePlus 8T Cyberpunk Edition 256GB,188.0,12.0,16MP,48MP + 16MP,865,4500,7.0,2020,733.52,256
OnePlus,OnePlus 7T Pro 5G McLaren Edition 256GB,206.0,12.0,16MP,48MP + 8MP,855,4085,7.3,2019,830.92,256
OnePlus,OnePlus 15R 128GB,210.0,12.0,32MP,50MP + 8MP,83,5000,6.7,2023,897.12,128
OnePlus,OnePlus 14+ 128GB,202.0,8.0,16MP,64MP + 8MP,82,4800,7.0,2023,828.72,128
OnePlus,OnePlus 13 Pro 256GB,215.0,12.0,32MP,50MP + 48MP,82,5000,6.7,2023,896.92,256
OnePlus,OnePlus 12T 5G 256GB,200.0,12.0,16MP,50MP + 8MP,82,5000,6.7,2023,867.72,256
Vivo,X200 128GB,223.0,12.0,32MP,50MP,9400,6000,7.5,2024,1027.52,128
Vivo,X200 256GB,223.0,12.0,32MP,50MP,9400,6000,7.5,2024,1116.12,256
Vivo,X200 Pro 256GB,223.0,16.0,32MP,200MP,9400,6000,7.5,2024,1202.92,256
Vivo,X200 Pro 512GB,223.0,16.0,32MP,200MP,9400,6000,7.5,2024,1291.52,512
Vivo,X200 Pro Mini 256GB,187.0,16.0,32MP,50MP,9400,5700,6.4,2024,961.52,256
Vivo,V40e 128GB,179.0,8.0,44MP,64MP,778,4100,6.8,2024,428.42,128
Vivo,Y200 GT 128GB,190.0,12.0,16MP,64MP,1200,5000,7.3,2024,377.12,128
Vivo,T3 5G 128GB,180.0,8.0,16MP,50MP,870,5000,7.3,2024,331.52,128
Vivo,Y100 5G 128GB,181.0,8.0,16MP,64MP,900,4500,7.1,2024,286.72,128
Vivo,S18 Pro 256GB,189.0,12.0,32MP,108MP,82,4700,7.1,2024,566.52,256
Vivo,V30 Pro 128GB,192.0,12.0,32MP,64MP,1100,4500,6.8,2024,500.52,128
Vivo,iQOO 12 256GB,210.0,16.0,16MP,50MP,83,5000,7.5,2024,641.32,256
Vivo,Z3 64GB,162.0,6.0,12MP,16MP,710,3315,6.3,2018,229.92,64
Vivo,V9 64GB,150.0,4.0,24MP,16MP,626,3260,6.3,2018,202.12,64
Vivo,X9 Plus 128GB,199.0,6.0,20MP+8MP,16MP,653,4000,6.6,2017,271.68,128
Vivo,Y81 32GB,146.0,3.0,5MP,13MP,22,3260,6.4,2018,135.18,32
Vivo,X5Max 16GB,146.0,2.0,5MP,13MP,615,2300,5.5,2014,176.32,16
Vivo,V5 Plus 64GB,158.0,4.0,20MP+8MP,16MP,625,3055,5.5,2017,229.92,64
Vivo,Y95 64GB,163.0,4.0,20MP,13MP+2MP,439,4030,6.4,2018,176.32,64
Vivo,V3 Max 32GB,168.0,4.0,8MP,13MP,652,3000,5.5,2016,156.02,32
Vivo,X3S 16GB,153.0,1.0,5MP,13MP,6592,2000,5.0,2014,120.72,16
Vivo,Y66 32GB,155.0,3.0,16MP,13MP,430,3000,5.5,2017,160.58,32
Vivo,V19 128GB,176.0,8.0,32MP,48MP,712,4500,6.8,2020,342.29,128
Vivo,V19 256GB,176.0,8.0,32MP,48MP,712,4500,6.8,2020,378.09,256
Vivo,V17 Pro 128GB,201.0,8.0,32MP,48MP,675,4100,6.8,2019,351.49,128
Vivo,V17 Pro 256GB,201.0,8.0,32MP,48MP,675,4100,6.8,2019,386.49,256
Vivo,Y12s 64GB,191.0,3.0,8MP,13MP,35,5000,6.6,2020,129.37,64
Vivo,Y12s 128GB,191.0,4.0,8MP,13MP,35,5000,6.6,2020,154.45,128
Vivo,S1 Pro 128GB,185.0,6.0,32MP,48MP,65,4500,7.1,2019,244.89,128
Vivo,S1 Pro 256GB,185.0,6.0,32MP,48MP,65,4500,7.1,2019,275.49,256
Vivo,Y11 32GB,190.0,3.0,8MP,13MP,439,5000,6.8,2019,127.04,32
Vivo,Y11 64GB,190.0,3.0,8MP,13MP,439,5000,6.8,2019,148.19,64
Vivo,V15 128GB,190.0,6.0,32MP,48MP,70,4000,6.8,2019,261.09,128
Vivo,V15 256GB,190.0,6.0,32MP,48MP,70,4000,6.8,2019,289.29,256
Vivo,X27 Pro 128GB,190.0,8.0,32MP,48MP,710,4000,7.2,2019,424.49,128
Vivo,X27 Pro 256GB,190.0,8.0,32MP,48MP,710,4000,7.2,2019,466.89,256
Vivo,Y30 128GB,193.0,4.0,8MP,13MP,35,5000,7.1,2020,176.19,128
Vivo,Y30 64GB,193.0,3.0,8MP,13MP,35,5000,7.1,2020,148.39,64
Vivo,Z1 Pro 64GB,159.0,4.0,16MP,16MP,712,4500,6.8,2019,215.89,64
Vivo,Z1 Pro 128GB,159.0,6.0,16MP,16MP,712,4500,6.8,2019,252.89,128
Vivo,X21 128GB,156.0,6.0,12MP,12MP,660,3200,7.0,2018,287.69,128
Vivo,X21 64GB,156.0,4.0,12MP,12MP,660,3200,7.0,2018,244.89,64
Vivo,V23e 128GB,172.0,8.0,50MP,64MP,96,4050,6.8,2021,248.72,128
Vivo,V23e 256GB,172.0,8.0,50MP,64MP,96,4050,6.8,2021,282.92,256
Vivo,Y33s 128GB,182.0,8.0,16MP,50MP,80,5000,7.3,2021,212.32,128
Vivo,Y33s 64GB,182.0,4.0,16MP,50MP,80,5000,7.3,2021,172.92,64
Vivo,X60 Pro 256GB,190.0,12.0,32MP,48MP,870,4200,7.1,2021,586.92,256
Vivo,X60 Pro 512GB,190.0,12.0,32MP,48MP,870,4200,7.1,2021,637.12,512
Vivo,V20 Pro 128GB,173.0,8.0,44MP,64MP,765,4000,6.8,2020,354.72,128
Vivo,V20 Pro 256GB,173.0,8.0,44MP,64MP,765,4000,6.8,2020,397.12,256
Vivo,Y75 5G 128GB,179.0,8.0,16MP,50MP,700,5000,7.3,2021,293.92,128
Vivo,Y75 5G 256GB,179.0,8.0,16MP,50MP,700,5000,7.3,2021,336.32,256
Vivo,Y53s 128GB,190.0,6.0,16MP,64MP,80,5000,7.3,2021,207.92,128
Vivo,Y53s 64GB,190.0,6.0,16MP,64MP,80,5000,7.3,2021,170.52,64
Vivo,V15 Pro 128GB,185.0,6.0,32MP,48MP,675,3700,7.2,2019,325.52,128
Vivo,V15 Pro 256GB,185.0,6.0,32MP,48MP,675,3700,7.2,2019,367.92,256
Vivo,X70 Pro 128GB,185.0,8.0,32MP,50MP,1200,4450,7.1,2021,551.52,128
Vivo,X70 Pro 256GB,185.0,8.0,32MP,50MP,1200,4450,7.1,2021,602.72,256
Vivo,T1 5G 128GB,181.0,6.0,16MP,50MP,695,5000,7.3,2022,230.12,128
Vivo,T1 5G 256GB,181.0,8.0,16MP,50MP,695,5000,7.3,2022,264.32,256
Vivo,X30 Pro 128GB,199.0,8.0,32MP,64MP,855,4200,6.8,2019,627.12,128
Vivo,X30 Pro 256GB,199.0,8.0,32MP,64MP,855,4200,6.8,2019,688.72,256
Vivo,V27 128GB,182.0,8.0,50MP,50MP,8200,4600,7.5,2023,425.12,128
Vivo,V27 256GB,182.0,8.0,50MP,50MP,8200,4600,7.5,2023,462.32,256
Vivo,V27 Pro 128GB,182.0,8.0,50MP,50MP,8200,4600,7.5,2023,483.52,128
Vivo,V27 Pro 256GB,182.0,8.0,50MP,50MP,8200,4600,7.5,2023,520.72,256
Vivo,V25 Pro 128GB,190.0,8.0,32MP,64MP,1300,4830,7.1,2022,404.52,128
Vivo,V25 Pro 256GB,190.0,8.0,32MP,64MP,1300,4830,7.1,2022,444.84,256
Vivo,X90 Pro 256GB,221.0,12.0,32MP,50MP,9200,4870,7.5,2022,943.72,256
Vivo,X90 Pro 512GB,221.0,12.0,32MP,50MP,9200,4870,7.5,2022,1050.32,512
Vivo,Y100 128GB,190.0,8.0,16MP,64MP,900,4500,6.8,2023,291.72,128
Vivo,Y100 256GB,190.0,8.0,16MP,64MP,900,4500,6.8,2023,328.92,256
Vivo,T2 Series 128GB,190.0,8.0,16MP,64MP,695,4500,6.8,2023,235.72,128
Vivo,T2 Series 256GB,190.0,8.0,16MP,64MP,695,4500,6.8,2023,264.72,256
Vivo,V23 5G 128GB,179.0,8.0,50MP,64MP,920,4200,6.8,2022,376.72,128
Vivo,V23 5G 256GB,179.0,8.0,50MP,64MP,920,4200,6.8,2022,424.32,256
Vivo,X80 256GB,206.0,12.0,32MP,50MP,9000,4700,7.5,2022,810.32,256
Vivo,X80 512GB,206.0,12.0,32MP,50MP,9000,4700,7.5,2022,909.72,512
Vivo,Y21 128GB,182.0,4.0,8MP,13MP,35,5000,6.6,2021,166.72,128
Vivo,Y21 64GB,182.0,4.0,8MP,13MP,35,5000,6.6,2021,142.36,64
Vivo,Pad 128GB,498.0,6.0,8MP,13MP,870,8040,11.0,2022,331.32,128
Vivo,Pad 2 256GB,535.0,8.0,8MP,50MP,1200,8040,11.0,2023,394.92,256
Vivo,Pad Air 128GB,510.0,6.0,8MP,13MP,870,8040,10.4,2023,290.6,128
Vivo,Pad 3 128GB,500.0,6.0,8MP,13MP,750,8040,11.0,2023,331.08,128
Vivo,Pad 3 Pro 256GB,550.0,8.0,8MP,50MP,888,8040,12.3,2023,448.52,256
Vivo,Pad 4 Pro 256GB,560.0,8.0,8MP,50MP,9000,8040,12.9,2024,505.72,256
iQOO,Pad 128GB,520.0,6.0,8MP,13MP,870,8040,11.0,2023,357.12,128
iQOO,Pad 2 256GB,540.0,8.0,8MP,50MP,888,8040,12.3,2024,421.92,256
iQOO,Pad 2 Pro 256GB,555.0,8.0,8MP,50MP,81,8040,12.3,2024,475.52,256
Oppo,Find N3 512GB,239.0,12.0,32MP,48MP + 64MP + 48MP,82,4805,8.0,2023,1440.52,512
Oppo,Find N3 Flip 256GB,198.0,12.0,32MP,50MP + 32MP + 48MP,9200,4300,6.8,2023,1003.52,256
Oppo,Find X8 Pro 256GB,210.0,12.0,32MP,50MP + 50MP + 50MP,82,5000,6.8,2024,1286.92,256
Oppo,Find X8 256GB,195.0,8.0,32MP,50MP + 50MP,82,4800,6.7,2024,1083.12,256
Oppo,Reno13 F 4G 256GB,192.0,8.0,32MP,50MP + 8MP + 2MP,100,5800,7.3,2025,465.92,256
Oppo,Reno13 F 256GB,192.0,8.0,32MP,50MP + 8MP + 2MP,100,5800,7.3,2025,465.92,256
Oppo,Reno13 Pro 512GB,210.0,12.0,50MP,50MP + 50MP + 8MP,8350,5800,7.1,2025,751.32,512
Oppo,Reno13 256GB,200.0,12.0,50MP,50MP + 8MP,8350,5600,7.4,2025,624.12,256
Oppo,Reno12 F 4G 256GB,187.0,8.0,32MP,50MP + 8MP + 2MP,685,5000,6.7,2024,417.52,256
Oppo,Reno12 F 256GB,187.0,8.0,32MP,50MP + 8MP + 2MP,685,5000,6.7,2024,417.52,256
Oppo,Reno12 Pro 512GB,190.0,12.0,32MP,50MP + 32MP + 8MP,8200,4600,7.1,2024,697.32,512
Oppo,Reno12 256GB,185.0,8.0,32MP,50MP + 8MP,7050,5000,6.7,2024,535.32,256
Oppo,Reno11 F 256GB,185.0,8.0,32MP,64MP + 8MP + 2MP,7050,5000,6.7,2024,465.92,256
Oppo,Reno11 Pro 512GB,190.0,12.0,32MP,50MP + 32MP + 8MP,8200,4600,7.1,2024,643.32,512
Oppo,A5 Pro 256GB,180.0,8.0,16MP,50MP + 2MP,7300,6000,6.7,2024,535.32,256
Oppo,A5 Pro 512GB,186.0,12.0,16MP,50MP + 2MP,7300,6000,6.7,2024,604.72,512
Oppo,A80 256GB,186.0,8.0,8MP,50MP + 2MP,6300,5100,7.3,2024,465.92,256
Oppo,A3 4G 128GB,186.0,4.0,5MP,50MP,641,5000,6.7,2024,371.92,128
Oppo,A3x 4G 128GB,186.0,4.0,8MP,8MP + 2MP,641,5100,7.3,2024,406.72,128
Oppo,A3x 4G 256GB,186.0,6.0,8MP,8MP + 2MP,641,5100,7.3,2024,446.72,256
Oppo,A3 128GB,186.0,4.0,5MP,50MP,641,5000,6.7,2024,371.92,128
Oppo,A3x 128GB,186.0,4.0,8MP,8MP + 2MP,641,5100,7.3,2024,406.72,128
Oppo,A3x 256GB,186.0,6.0,8MP,8MP + 2MP,641,5100,7.3,2024,446.72,256
Oppo,A3 128GB,186.0,4.0,5MP,50MP,641,5000,6.7,2024,371.92,128
Oppo,A60 128GB,186.0,8.0,8MP,50MP + 2MP,6804,5000,7.3,2024,417.52,128
Oppo,A60 256GB,186.0,8.0,8MP,50MP + 2MP,6804,5000,7.3,2024,457.52,256
Oppo,K12 Plus 256GB,192.0,8.0,16MP,50MP,73,6400,6.7,2024,643.32,256
Oppo,K12 Plus 512GB,192.0,12.0,16MP,50MP,73,6400,6.7,2024,718.12,512
Oppo,F27 128GB,175.0,8.0,32MP,64MP + 2MP,7050,5000,6.7,2024,465.92,128
Oppo,F27 256GB,175.0,8.0,32MP,64MP + 2MP,7050,5000,6.7,2024,505.92,256
Oppo,F27 Pro+ 256GB,177.0,8.0,32MP,64MP + 2MP,7050,5000,6.7,2024,535.32,256
Oppo,F27 Pro+ 512GB,177.0,12.0,32MP,64MP + 2MP,7050,5000,6.7,2024,604.72,512
Oppo,F25 Pro 128GB,173.0,8.0,32MP,64MP + 2MP,778,4500,7.0,2023,472.92,128
Oppo,F25 Pro 256GB,173.0,8.0,32MP,64MP + 2MP,778,4500,7.0,2023,510.52,256
Oppo,Pad 3 128GB,533.0,8.0,8MP,13MP,8350,9510,11.6,2024,604.72,128
Oppo,Pad 3 256GB,533.0,12.0,8MP,13MP,8350,9510,11.6,2024,674.12,256
Oppo,Pad 3 Pro 256GB,586.0,12.0,8MP,13MP,83,9510,12.1,2024,754.32,256
Oppo,Pad 3 Pro 512GB,586.0,16.0,8MP,13MP,83,9510,12.1,2024,829.12,512
Oppo,Pad Neo 128GB,520.0,6.0,8MP,13MP,870,8360,11.0,2023,465.92,128
Oppo,Pad Neo 256GB,520.0,8.0,8MP,13MP,870,8360,11.0,2023,535.32,256
Oppo,Find X7 Ultra 256GB,221.0,12.0,32MP,50MP + 50MP + 50MP,83,5000,7.0,2024,1109.32,256
Oppo,Find X7 Ultra 512GB,221.0,16.0,32MP,50MP + 50MP + 50MP,83,5000,7.0,2024,1217.32,512
Oppo,Find X7 256GB,206.0,12.0,32MP,50MP + 50MP + 64MP,9300,5000,7.5,2024,1001.32,256
Oppo,Find X7 512GB,206.0,16.0,32MP,50MP + 50MP + 64MP,9300,5000,7.5,2024,1109.32,512
Oppo,Find X6 Pro 256GB,218.0,12.0,32MP,50MP + 50MP + 50MP,82,5000,7.0,2023,931.92,256
Oppo,Find X6 Pro 512GB,218.0,16.0,32MP,50MP + 50MP + 50MP,82,5000,7.0,2023,1039.92,512
Oppo,Find X6 256GB,207.0,12.0,32MP,50MP + 50MP + 50MP,9200,4800,7.1,2023,837.92,256
Oppo,Find X6 512GB,207.0,16.0,32MP,50MP + 50MP + 50MP,9200,4800,7.1,2023,945.92,512
Oppo,Find X5 Pro 256GB,218.0,12.0,32MP,50MP + 50MP + 13MP,81,5000,6.7,2022,857.12,256
Oppo,Find X5 Pro 512GB,218.0,16.0,32MP,50MP + 50MP + 13MP,81,5000,6.7,2022,965.12,512
Oppo,Find X5 256GB,196.0,8.0,32MP,50MP + 50MP + 13MP,888,4800,7.0,2022,754.52,256
Oppo,Find N2 Flip 256GB,191.0,8.0,32MP,50MP + 8MP,9000,4300,6.8,2023,837.92,256
Oppo,Find N2 Flip 512GB,191.0,12.0,32MP,50MP + 8MP,9000,4300,6.8,2023,945.92,512
Oppo,Find N2 256GB,233.0,12.0,32MP,50MP + 48MP + 32MP,81,4520,7.1,2022,1001.32,256
Oppo,Reno10 5G 128GB,180.0,8.0,32MP,64MP + 32MP + 8MP,7050,5000,6.7,2023,465.12,128
Oppo,Reno10 5G 256GB,180.0,8.0,32MP,64MP + 32MP + 8MP,7050,5000,6.7,2023,518.32,256
Oppo,Reno10 Pro 5G 256GB,186.0,12.0,32MP,50MP + 32MP + 8MP,778,4600,6.7,2023,572.32,256
Oppo,Reno10 Pro+ 5G 256GB,194.0,16.0,32MP,50MP + 64MP + 8MP,81,4700,7.1,2023,668.12,256
Oppo,Reno9 5G 128GB,174.0,8.0,32MP,64MP + 2MP,778,4500,6.7,2022,407.12,128
Oppo,Reno9 5G 256GB,174.0,12.0,32MP,64MP + 2MP,778,4500,6.7,2022,460.32,256
Oppo,Reno9 Pro 5G 256GB,184.0,16.0,32MP,50MP + 8MP,8100,4500,6.7,2022,549.32,256
Oppo,Reno9 Pro+ 5G 256GB,192.0,16.0,32MP,50MP + 8MP + 2MP,81,4700,6.7,2022,635.12,256
Oppo,Reno8 5G 128GB,179.0,8.0,32MP,50MP + 8MP + 2MP,1300,4500,6.4,2022,359.12,128
Oppo,Reno8 5G 256GB,179.0,12.0,32MP,50MP + 8MP + 2MP,1300,4500,6.4,2022,407.52,256
Oppo,Reno8 Pro 5G 256GB,183.0,12.0,32MP,50MP + 8MP + 2MP,8100,4500,6.7,2022,501.32,256
Oppo,Reno8 Pro+ 5G 256GB,195.0,12.0,32MP,50MP + 8MP + 2MP,8100,4500,6.7,2022,547.32,256
Oppo,Reno7 5G 128GB,173.0,8.0,32MP,64MP + 8MP + 2MP,900,4500,6.4,2021,323.12,128
Oppo,Reno7 5G 256GB,173.0,12.0,32MP,64MP + 8MP + 2MP,900,4500,6.4,2021,366.32,256
Oppo,Reno7 Pro 5G 256GB,180.0,12.0,32MP,50MP + 8MP + 2MP,1200,4500,7.0,2021,450.52,256
Oppo,Reno6 5G 128GB,182.0,8.0,32MP,64MP + 8MP + 2MP,900,4300,6.7,2021,336.72,128
Oppo,Reno6 5G 256GB,182.0,12.0,32MP,64MP + 8MP + 2MP,900,4300,6.7,2021,380.32,256
Oppo,Reno6 Pro 5G 128GB,177.0,8.0,32MP,64MP + 8MP + 2MP + 2MP,1200,4500,7.0,2021,433.52,128
Oppo,Reno6 Pro 5G 256GB,177.0,12.0,32MP,64MP + 8MP + 2MP + 2MP,1200,4500,7.0,2021,481.92,256
Oppo,Reno6 Pro+ 5G 256GB,188.0,12.0,32MP,50MP + 13MP + 16MP + 2MP,870,4500,7.0,2021,564.12,256
Oppo,Reno5 5G 128GB,180.0,8.0,32MP,64MP + 8MP + 2MP + 2MP,765,4300,6.7,2020,293.12,128
Oppo,Reno5 5G 256GB,180.0,12.0,32MP,64MP + 8MP + 2MP + 2MP,765,4300,6.7,2020,336.72,256
Oppo,Reno5 Pro 5G 128GB,173.0,8.0,32MP,64MP + 8MP + 2MP + 2MP,1000,4350,7.0,2020,383.12,128
Oppo,Reno5 Pro 5G 256GB,173.0,12.0,32MP,64MP + 8MP + 2MP + 2MP,1000,4350,7.0,2020,429.12,256
Oppo,Reno5 Pro+ 5G 256GB,184.0,12.0,32MP,50MP + 16MP + 13MP + 2MP,865,4500,7.0,2020,533.92,256
Oppo,Reno4 5G 128GB,183.0,8.0,32MP,48MP + 8MP + 2MP + 2MP,765,4000,6.7,2020,270.12,128
Oppo,Reno4 5G 256GB,183.0,8.0,32MP,48MP + 8MP + 2MP + 2MP,765,4000,6.7,2020,311.32,256
Oppo,Reno4 Pro 5G 256GB,172.0,12.0,32MP,48MP + 13MP + 12MP,765,4000,7.0,2020,457.32,256
Oppo,Reno3 5G 128GB,181.0,8.0,32MP,64MP + 8MP + 2MP + 2MP,1000,4025,6.4,2019,239.92,128
Oppo,Reno3 5G 256GB,181.0,12.0,32MP,64MP + 8MP + 2MP + 2MP,1000,4025,6.4,2019,285.92,256
Oppo,Reno3 Pro 5G 256GB,171.0,12.0,32MP,48MP + 13MP + 8MP + 2MP,765,4025,6.5,2019,430.92,256
Oppo,A59 5G 128GB,186.0,6.0,8MP,13MP + 2MP,6020,5000,7.1,2023,206.17,128
Oppo,A59 5G 256GB,186.0,8.0,8MP,13MP + 2MP,6020,5000,7.1,2023,236.97,256
Oppo,A58 5G 256GB,188.0,8.0,8MP,50MP + 2MP,700,5000,7.1,2022,249.17,256
Oppo,A57 5G 128GB,186.0,6.0,8MP,13MP + 2MP,810,5000,7.1,2022,211.57,128
Oppo,A56 5G 128GB,189.0,6.0,8MP,13MP + 2MP,700,5000,6.5,2021,195.53,128
Oppo,A55 5G 128GB,186.0,6.0,8MP,13MP + 2MP + 2MP,700,5000,6.5,2021,183.47,128
Oppo,A54 5G 128GB,190.0,6.0,16MP,48MP + 8MP + 2MP + 2MP,480,5000,6.5,2021,211.57,128
Oppo,A53 5G 128GB,175.0,4.0,8MP,16MP + 2MP + 2MP,720,4040,6.5,2020,172.13,128
Oppo,A52 5G 128GB,184.0,4.0,8MP,12MP + 8MP + 2MP + 2MP,720,4000,6.5,2020,160.79,128
Oppo,A51 5G 128GB,186.0,4.0,8MP,13MP + 2MP + 2MP,700,4000,6.5,2020,147.45,128
Oppo,A50 5G 128GB,185.0,4.0,8MP,13MP + 2MP,700,4000,6.5,2020,136.11,128
Oppo,A49 5G 128GB,185.0,4.0,8MP,13MP + 2MP,700,4000,6.5,2020,124.77,128
Oppo,A40 128GB,186.0,4.0,5MP,50MP,61,5100,7.3,2024,212.57,128
Oppo,A40 256GB,186.0,6.0,5MP,50MP,61,5100,7.3,2024,248.57,256
Oppo,K11x 128GB,195.0,8.0,16MP,108MP + 2MP,695,5000,6.9,2023,222.17,128
Oppo,K11x 256GB,195.0,12.0,16MP,108MP + 2MP,695,5000,6.9,2023,252.97,256
Oppo,K10x 128GB,195.0,6.0,16MP,64MP + 2MP + 2MP,695,5000,7.4,2022,216.15,128
Oppo,K10x 256GB,195.0,8.0,16MP,64MP + 2MP + 2MP,695,5000,7.4,2022,246.95,256
Oppo,K10 5G 128GB,205.0,8.0,16MP,64MP + 8MP + 2MP,8000,5000,7.4,2022,265.17,128
Oppo,K9x 128GB,194.0,6.0,16MP,64MP + 2MP + 2MP,810,5000,6.5,2021,210.17,128
Oppo,K9x 256GB,194.0,8.0,16MP,64MP + 2MP + 2MP,810,5000,6.5,2021,240.97,256
Oppo,K9 Pro 5G 128GB,180.0,8.0,16MP,64MP + 8MP + 2MP,1200,4500,6.7,2021,312.77,128
Oppo,K9 Pro 5G 256GB,180.0,12.0,16MP,64MP + 8MP + 2MP,1200,4500,6.7,2021,348.77,256
Oppo,K9 5G 128GB,172.0,8.0,32MP,64MP + 8MP + 2MP,768,4300,6.7,2021,285.77,128
Oppo,K9 5G 256GB,172.0,8.0,32MP,64MP + 8MP + 2MP,768,4300,6.7,2021,309.17,256
Oppo,K7x 128GB,194.0,6.0,16MP,48MP + 8MP + 2MP + 2MP,720,5000,6.5,2020,204.17,128
Oppo,K7 5G 128GB,180.0,8.0,32MP,48MP + 8MP + 2MP + 2MP,765,4025,6.4,2020,271.37,128
Oppo,K7 5G 256GB,180.0,8.0,32MP,48MP + 8MP + 2MP + 2MP,765,4025,6.4,2020,294.77,256
Oppo,K11x 128GB,195.0,8.0,16MP,108MP + 2MP,695,5000,6.9,2023,222.17,128
Oppo,K11x 256GB,195.0,12.0,16MP,108MP + 2MP,695,5000,6.9,2023,252.97,256
Oppo,K11 128GB,184.0,8.0,16MP,64MP + 8MP + 2MP,782,5000,6.7,2023,278.37,128
Oppo,K11 256GB,184.0,12.0,16MP,64MP + 8MP + 2MP,782,5000,6.7,2023,316.37,256
Oppo,K10x 128GB,195.0,6.0,16MP,64MP + 2MP + 2MP,695,5000,7.4,2022,216.15,128
Oppo,K10x 256GB,195.0,8.0,16MP,64MP + 2MP + 2MP,695,5000,7.4,2022,246.95,256
Oppo,K10 5G 128GB,205.0,8.0,16MP,64MP + 8MP + 2MP,8000,5000,7.4,2022,265.17,128
Oppo,K10 5G 256GB,205.0,12.0,16MP,64MP + 8MP + 2MP,8000,5000,7.4,2022,301.17,256
Oppo,K9x 128GB,194.0,6.0,16MP,64MP + 2MP + 2MP,810,5000,6.5,2021,210.17,128
Oppo,K9x 256GB,194.0,8.0,16MP,64MP + 2MP + 2MP,810,5000,6.5,2021,240.97,256
Oppo,K9 Pro 5G 128GB,180.0,8.0,16MP,64MP + 8MP + 2MP,1200,4500,6.7,2021,312.77,128
Oppo,K9 Pro 5G 256GB,180.0,12.0,16MP,64MP + 8MP + 2MP,1200,4500,6.7,2021,348.77,256
Oppo,K9 5G 128GB,172.0,8.0,32MP,64MP + 8MP + 2MP,768,4300,6.7,2021,285.77,128
Oppo,K9 5G 256GB,172.0,8.0,32MP,64MP + 8MP + 2MP,768,4300,6.7,2021,309.17,256
Oppo,K7x 128GB,194.0,6.0,16MP,48MP + 8MP + 2MP + 2MP,720,5000,6.5,2020,204.17,128
Oppo,K7 5G 128GB,180.0,8.0,32MP,48MP + 8MP + 2MP + 2MP,765,4025,6.4,2020,271.37,128
Realme,GT 7 Pro 128GB,222.8,12.0,16MP,50MP + 50MP + 8MP,8,6500,7.5,2024,527.15,128
Realme,GT 7 Pro 256GB,222.8,16.0,16MP,50MP + 50MP + 8MP,8,6500,7.5,2024,566.56,256
Realme,GT 6 128GB,191.0,8.0,32MP,50MP + 8MP + 50MP,83,5500,7.5,2023,386.0,128
Realme,GT 6 256GB,191.0,12.0,32MP,50MP + 8MP + 50MP,83,5500,7.5,2023,404.44,256
Realme,GT 6 512GB,191.0,16.0,32MP,50MP + 8MP + 50MP,83,5500,7.5,2023,422.88,512
Realme,GT 6T 128GB,191.0,8.0,32MP,50MP + 8MP,73,5500,7.5,2023,349.63,128
Realme,GT 6T 256GB,191.0,8.0,32MP,50MP + 8MP,73,5500,7.5,2023,369.2,256
Realme,14 Pro+ 5G 256GB,184.0,12.0,16MP,50MP + 8MP + 50MP,73,6000,7.1,2025,360.7,256
Realme,14 Pro+ 5G 512GB,184.0,12.0,16MP,50MP + 8MP + 50MP,73,6000,7.1,2025,382.48,512
Realme,14 Pro 5G 128GB,184.0,8.0,16MP,50MP + 8MP,7300,5800,6.7,2025,322.9,128
Realme,14 Pro 5G 256GB,184.0,8.0,16MP,50MP + 8MP,7300,5800,6.7,2025,341.34,256
Realme,14x 5G 128GB,190.0,6.0,16MP,48MP + 2MP + 2MP,72,5500,6.6,2025,269.18,128
Realme,14x 5G 256GB,190.0,8.0,16MP,48MP + 2MP + 2MP,72,5500,6.6,2025,287.62,256
Realme,13+ 5G 128GB,185.0,8.0,16MP,50MP + 2MP,7200,5000,6.5,2024,247.4,128
Realme,13+ 5G 256GB,185.0,8.0,16MP,50MP + 2MP,7200,5000,6.5,2024,266.38,256
Realme,13 5G 128GB,190.0,6.0,16MP,50MP + 2MP,6100,5000,6.6,2024,210.8,128
Realme,13 5G 256GB,190.0,8.0,16MP,50MP + 2MP,6100,5000,6.6,2024,229.24,256
Realme,13 Pro 5G 128GB,192.0,8.0,16MP,50MP + 8MP + 2MP,72,5200,6.7,2024,300.58,128
Realme,13 Pro 5G 256GB,192.0,12.0,16MP,50MP + 8MP + 2MP,72,5200,6.7,2024,322.36,256
Realme,13 Pro+ 5G 256GB,195.0,12.0,32MP,50MP + 8MP + 50MP,72,5500,7.5,2024,374.08,256
Realme,13 Pro+ 5G 512GB,195.0,16.0,32MP,50MP + 8MP + 50MP,72,5500,7.5,2024,395.86,512
Realme,P1 Speed 5G 128GB,185.0,8.0,16MP,64MP + 2MP,8100,5100,6.7,2024,236.6,128
Realme,P1 Speed 5G 256GB,185.0,12.0,16MP,64MP + 2MP,8100,5100,6.7,2024,255.04,256
Realme,P2 Pro 5G 256GB,188.0,12.0,32MP,50MP + 8MP + 50MP,73,5500,7.5,2024,347.34,256
Realme,P2 Pro 5G 512GB,188.0,16.0,32MP,50MP + 8MP + 50MP,73,5500,7.5,2024,369.12,512
Realme,P1 5G 128GB,184.0,6.0,16MP,50MP + 2MP,6100,5000,6.6,2024,191.28,128
Realme,P1 5G 256GB,184.0,8.0,16MP,50MP + 2MP,6100,5000,6.6,2024,209.72,256
Realme,P1 Pro 5G 128GB,190.0,8.0,16MP,64MP + 2MP,71,5200,6.7,2024,257.44,128
Realme,P1 Pro 5G 256GB,190.0,12.0,16MP,64MP + 2MP,71,5200,6.7,2024,275.88,256
Realme,Narzo 70 Turbo 5G 128GB,200.0,8.0,16MP,50MP + 2MP,810,5000,6.6,2024,229.64,128
Realme,Narzo 70 Turbo 5G 256GB,200.0,8.0,16MP,50MP + 2MP,810,5000,6.6,2024,248.08,256
Realme,Narzo N61 128GB,195.0,6.0,16MP,50MP + 2MP,99,5000,6.5,2024,170.04,128
Realme,Narzo N63 128GB,193.0,6.0,16MP,50MP + 2MP,88,5000,6.5,2024,156.16,128
Realme,Narzo N65 5G 128GB,198.0,8.0,16MP,50MP + 2MP,700,5000,6.6,2024,203.88,128
Realme,Narzo 70 5G 128GB,198.0,8.0,16MP,50MP + 2MP,810,5200,6.6,2024,220.58,128
Realme,C75 128GB,190.0,6.0,8MP,50MP + 2MP,85,5000,6.6,2024,156.16,128
Realme,C75 256GB,190.0,8.0,8MP,50MP + 2MP,85,5000,6.6,2024,174.6,256
Realme,C61 128GB,189.0,4.0,8MP,50MP + 2MP,612,5000,6.5,2024,130.76,128
Realme,C67 128GB,195.0,6.0,8MP,50MP + 2MP,88,5000,6.6,2024,165.88,128
Realme,C67 256GB,195.0,8.0,8MP,50MP + 2MP,88,5000,6.6,2024,184.32,256
Realme,C65 128GB,192.0,6.0,8MP,50MP + 2MP,680,5000,6.6,2024,156.16,128
Realme,C65 256GB,192.0,8.0,8MP,50MP + 2MP,680,5000,6.6,2024,174.6,256
Realme,C63 128GB,191.0,6.0,8MP,50MP + 2MP,85,5000,6.6,2024,149.76,128
Realme,C55 128GB,189.0,6.0,8MP,64MP + 2MP,88,5000,6.9,2023,165.88,128
Realme,C55 256GB,189.0,8.0,8MP,64MP + 2MP,88,5000,6.9,2023,184.32,256
Realme,Note 60x 128GB,198.0,6.0,16MP,50MP + 2MP,6100,5200,6.6,2024,203.88,128
Realme,Note 60 128GB,196.0,6.0,16MP,50MP + 2MP,810,5200,6.6,2024,214.68,128
Realme,Note 60 256GB,196.0,8.0,16MP,50MP + 2MP,810,5200,6.6,2024,233.12,256
Realme,Note 50 128GB,195.0,6.0,16MP,50MP + 2MP,99,5000,6.5,2024,170.44,128
Realme,GT 7 128GB,199.0,8.0,16MP,50MP + 8MP + 2MP,82,5200,6.8,2024,470.28,128
Realme,GT 7 256GB,199.0,12.0,16MP,50MP + 8MP + 2MP,82,5200,6.8,2024,528.4,256
Realme,Neo 7 128GB,193.0,8.0,16MP,64MP + 8MP + 2MP,8200,5000,6.7,2024,330.0,128
Realme,Neo 7 256GB,193.0,12.0,16MP,64MP + 8MP + 2MP,8200,5000,6.7,2024,387.2,256
Realme,P2 Pro 5G 128GB,195.0,8.0,16MP,50MP + 8MP,9200,5100,6.7,2024,347.9,128
Realme,P2 Pro 5G 256GB,195.0,12.0,16MP,50MP + 8MP,9200,5100,6.7,2024,402.4,256
Realme,Pad 64GB,440.0,4.0,8MP,8MP,80,7100,10.4,2021,208.92,64
Realme,Pad 128GB,440.0,6.0,8MP,8MP,80,7100,10.4,2021,238.7,128
Realme,Pad 2 128GB,482.0,6.0,8MP,8MP,99,8360,11.5,2023,289.9,128
Realme,Pad 2 256GB,482.0,8.0,8MP,8MP,99,8360,11.5,2023,331.2,256
Realme,Pad 2 Lite 64GB,466.0,4.0,8MP,8MP,85,7100,10.4,2023,197.4,64
Realme,Pad 2 Lite 128GB,466.0,6.0,8MP,8MP,85,7100,10.4,2023,220.62,128
Realme,Pad X 64GB,499.0,4.0,8MP,13MP,695,8340,11.0,2022,315.3,64
Realme,Pad X 128GB,499.0,6.0,8MP,13MP,695,8340,11.0,2022,356.6,128
Realme,Pad Mini 32GB,372.0,3.0,5MP,8MP,616,6400,8.7,2022,166.0,32
Realme,Pad Mini 64GB,372.0,4.0,5MP,8MP,616,6400,8.7,2022,187.24,64
Realme,Pad Slim 64GB,440.0,4.0,8MP,8MP,80,7100,10.4,2022,205.06,64
Realme,Pad Slim 128GB,440.0,6.0,8MP,8MP,80,7100,10.4,2022,228.76,128
Realme,TechLife Pad Neo 64GB,465.0,4.0,8MP,8MP,85,7200,10.5,2024,216.38,64
Realme,TechLife Pad Neo 128GB,465.0,6.0,8MP,8MP,85,7200,10.5,2024,238.7,128
Xiaomi,Xiaomi 15 Pro 256GB,210.0,12.0,32MP,50MP (Main) + 50MP (Ultra-wide) + 50MP (Telephoto),8,6100,7.0,2024,846.32,256
Xiaomi,Xiaomi 15 Pro 512GB,210.0,16.0,32MP,50MP (Main) + 50MP (Ultra-wide) + 50MP (Telephoto),8,6100,7.0,2024,940.32,512
Xiaomi,Xiaomi 15 Pro 1TB,210.0,16.0,32MP,50MP (Main) + 50MP (Ultra-wide) + 50MP (Telephoto),8,6100,7.0,2024,1039.92,1024
Xiaomi,Xiaomi 15 256GB,190.0,12.0,32MP,50MP (Main) + 50MP (Ultra-wide),8,5400,6.9,2024,738.32,256
Xiaomi,Xiaomi 15 512GB,190.0,16.0,32MP,50MP (Main) + 50MP (Ultra-wide),8,5400,6.9,2024,832.32,512
Xiaomi,Xiaomi 14T Pro 256GB,209.0,12.0,32MP,50MP (Main) + 50MP (Ultra-wide) + 50MP (Telephoto),9300,5000,7.3,2024,687.28,256
Xiaomi,Xiaomi 14T Pro 512GB,209.0,12.0,32MP,50MP (Main) + 50MP (Ultra-wide) + 50MP (Telephoto),9300,5000,7.3,2024,781.4,512
Xiaomi,Xiaomi 14T Pro 1TB,209.0,12.0,32MP,50MP (Main) + 50MP (Ultra-wide) + 50MP (Telephoto),9300,5000,7.3,2024,871.52,1024
Xiaomi,Xiaomi 14T 256GB,195.0,12.0,32MP,50MP (Main) + 50MP (Ultra-wide),8300,5000,7.3,2024,628.72,256
Xiaomi,Xiaomi 14T 512GB,195.0,12.0,32MP,50MP (Main) + 50MP (Ultra-wide),8300,5000,7.3,2024,711.72,512
Xiaomi,Xiaomi 14 Pro 256GB,206.0,12.0,32MP,50MP (Main) + 50MP (Ultra-wide) + 50MP (Telephoto),83,5000,7.0,2023,813.12,256
Xiaomi,Xiaomi 14 Pro 512GB,206.0,12.0,32MP,50MP (Main) + 50MP (Ultra-wide) + 50MP (Telephoto),83,5000,7.0,2023,907.12,512
Xiaomi,Xiaomi 14 256GB,189.0,12.0,32MP,50MP (Main) + 50MP (Ultra-wide),83,4610,6.9,2023,710.72,256
Xiaomi,Xiaomi 14 512GB,189.0,12.0,32MP,50MP (Main) + 50MP (Ultra-wide),83,4610,6.9,2023,804.72,512
Xiaomi,Redmi Note 14 Pro+ 5G 128GB,205.0,8.0,16MP,200MP (Main) + 8MP (Ultra-wide) + 2MP (Macro),73,5110,7.3,2024,362.7,128
Xiaomi,Redmi Note 14 Pro+ 5G 256GB,205.0,12.0,16MP,200MP (Main) + 8MP (Ultra-wide) + 2MP (Macro),73,5110,7.3,2024,395.72,256
Xiaomi,Redmi Note 14 Pro+ 5G 512GB,205.0,16.0,16MP,200MP (Main) + 8MP (Ultra-wide) + 2MP (Macro),73,5110,7.3,2024,429.92,512
Xiaomi,Redmi Note 14 Pro 5G 128GB,195.0,8.0,16MP,108MP (Main) + 8MP (Ultra-wide) + 2MP (Macro),7300,5500,7.3,2024,331.72,128
Xiaomi,Redmi Note 14 Pro 5G 256GB,195.0,12.0,16MP,108MP (Main) + 8MP (Ultra-wide) + 2MP (Macro),7300,5500,7.3,2024,365.92,256
Xiaomi,Redmi Note 14 Pro 4G 128GB,190.0,6.0,16MP,108MP (Main) + 8MP (Ultra-wide) + 2MP (Macro),732,5000,7.3,2024,290.92,128
Xiaomi,Redmi Note 14 Pro 4G 256GB,190.0,8.0,16MP,108MP (Main) + 8MP (Ultra-wide) + 2MP (Macro),732,5000,7.3,2024,325.12,256
Xiaomi,Redmi Note 14 5G 128GB,185.0,6.0,16MP,50MP (Main) + 8MP (Ultra-wide) + 2MP (Macro),7025,5000,7.3,2024,261.52,128
Xiaomi,Redmi Note 14 5G 256GB,185.0,8.0,16MP,50MP (Main) + 8MP (Ultra-wide) + 2MP (Macro),7025,5000,7.3,2024,295.72,256
Xiaomi,Redmi Note 14 4G 128GB,180.0,4.0,16MP,50MP (Main) + 8MP (Ultra-wide) + 2MP (Macro),680,5000,7.3,2024,230.12,128
Xiaomi,Redmi Note 14 4G 256GB,180.0,6.0,16MP,50MP (Main) + 8MP (Ultra-wide) + 2MP (Macro),680,5000,7.3,2024,264.32,256
Xiaomi,Redmi 14C 5G 64GB,195.0,4.0,8MP,50MP (Main) + 2MP (Depth),700,5000,6.5,2024,184.12,64
Xiaomi,Redmi 14C 5G 128GB,195.0,6.0,8MP,50MP (Main) + 2MP (Depth),700,5000,6.5,2024,209.52,128
Lenovo,Legion Y70 128GB,209.0,8.0,16MP,50MP,81,5100,7.3,2022,515.52,128
Lenovo,Legion Y70 256GB,209.0,12.0,16MP,50MP,81,5100,7.3,2022,573.92,256
Lenovo,Legion Y70 512GB,209.0,16.0,16MP,50MP,81,5100,7.3,2022,635.12,512
Lenovo,K14 Plus 64GB,198.0,4.0,8MP,48MP,700,5000,6.5,2022,164.62,64
Lenovo,K14 Plus 128GB,198.0,6.0,8MP,48MP,700,5000,6.5,2022,190.02,128
Lenovo,K13 Pro 128GB,200.0,6.0,16MP,64MP,662,5000,6.8,2021,213.42,128
Lenovo,K13 32GB,190.0,2.0,5MP,13MP,9863,5000,6.7,2021,119.82,32
Lenovo,K13 Note 64GB,200.0,4.0,8MP,48MP,460,5000,6.5,2021,167.02,64
Lenovo,K10 Plus 64GB,172.0,4.0,16MP,13MP,632,4050,6.4,2019,151.52,64
Lenovo,A6 Note 32GB,172.0,3.0,5MP,13MP,22,4000,6.9,2019,125.82,32
Lenovo,K10 Note 64GB,164.0,4.0,16MP,16MP,710,4050,6.3,2019,184.12,64
Lenovo,K10 Note 128GB,164.0,6.0,16MP,16MP,710,4050,6.3,2019,209.52,128
Lenovo,Z6 Pro 128GB,185.0,6.0,32MP,48MP,855,4000,7.2,2019,399.72,128
Lenovo,Z6 Pro 256GB,185.0,8.0,32MP,48MP,855,4000,7.2,2019,450.92,256
Lenovo,Z5 Pro 64GB,210.0,6.0,16MP,16MP,710,3350,7.2,2018,262.45,64
Motorola,Edge 50 Fusion 128GB,168.0,8.0,32MP,50MP,71,5000,6.7,2024,445.12,128
Motorola,Edge 50 Fusion 256GB,168.0,12.0,32MP,50MP,71,5000,6.7,2024,500.72,256
Motorola,Edge 50 Pro 128GB,186.0,8.0,50MP,50MP,73,4500,6.7,2024,513.52,128
Motorola,Edge 50 Pro 256GB,186.0,12.0,50MP,50MP,73,4500,6.7,2024,569.12,256
Motorola,Razr 128GB,192.0,8.0,32MP,50MP,81,3500,7.6,2023,855.52,128
Motorola,Razr 256GB,192.0,12.0,32MP,50MP,81,3500,7.6,2023,932.12,256
Motorola,G84 5G 128GB,166.0,8.0,16MP,50MP,695,5000,6.5,2023,275.12,128
Motorola,G84 5G 256GB,166.0,12.0,16MP,50MP,695,5000,6.5,2023,315.92,256
Motorola,Moto G Stylus 64GB,195.0,4.0,16MP,50MP,88,5000,6.8,2023,213.72,64
Motorola,Moto G Stylus 128GB,195.0,6.0,16MP,50MP,88,5000,6.8,2023,245.52,128
Motorola,One Vision 3 128GB,180.0,6.0,25MP,48MP,9609,3500,6.3,2024,235.12,128
Motorola,One Vision 3 256GB,180.0,8.0,25MP,48MP,9609,3500,6.3,2024,272.32,256
Motorola,Edge 50 Lite 128GB,170.0,6.0,32MP,64MP,695,5000,6.7,2024,332.72,128
Motorola,Edge 50 Lite 256GB,170.0,8.0,32MP,64MP,695,5000,6.7,2024,367.52,256
Motorola,Moto E40 Plus 64GB,198.0,4.0,8MP,48MP,700,5000,6.5,2023,167.02,64
Motorola,Moto E40 Plus 128GB,198.0,6.0,8MP,48MP,700,5000,6.5,2023,192.42,128
Motorola,Moto G Power 64GB,206.0,4.0,16MP,50MP,662,5000,6.6,2022,217.82,64
Motorola,Moto G Power 128GB,206.0,6.0,16MP,50MP,662,5000,6.6,2022,243.22,128
Motorola,Moto G Play 32GB,203.0,3.0,5MP,13MP,25,5000,6.5,2022,129.42,32
Motorola,Moto G Play 64GB,203.0,4.0,5MP,13MP,25,5000,6.5,2022,154.82,64
Motorola,Moto G75 5G 128GB,205.0,8.0,16MP,50MP,63,5000,7.5,2024,351.82,128
Motorola,Moto G75 5G 256GB,205.0,8.0,16MP,50MP,63,5000,7.5,2024,398.87,256
Motorola,Moto S50 128GB,190.0,8.0,32MP,64MP,8100,4500,6.7,2024,318.97,128
Motorola,Moto S50 256GB,190.0,12.0,32MP,64MP,8100,4500,6.7,2024,366.02,256
Motorola,Edge 50 Neo 256GB,171.0,8.0,32MP,50MP,7300,4310,6.4,2024,412.97,256
Motorola,Edge 50 Neo 512GB,171.0,12.0,32MP,50MP,7300,4310,6.4,2024,460.02,512
Motorola,Moto G55 128GB,182.0,8.0,16MP,50MP,7025,5000,7.3,2024,284.77,128
Motorola,Moto G55 256GB,182.0,8.0,16MP,50MP,7025,5000,7.3,2024,327.02,256
Motorola,Moto G35 128GB,188.0,4.0,16MP,50MP,760,5000,6.9,2024,206.87,128
Motorola,Moto G35 256GB,188.0,8.0,16MP,50MP,760,5000,6.9,2024,251.52,256
Motorola,Moto G45 128GB,183.0,6.0,16MP,50MP,63,5000,6.5,2024,251.52,128
Motorola,Moto G45 256GB,183.0,8.0,16MP,50MP,63,5000,6.5,2024,296.17,256
Motorola,Edge 50 256GB,180.0,8.0,32MP,50MP,72,4700,6.7,2024,460.02,256
Motorola,Edge 50 512GB,180.0,12.0,32MP,50MP,72,4700,6.7,2024,507.07,512
Motorola,Razr 50 Ultra 512GB,189.0,12.0,32MP,50MP,81,4000,7.3,2024,1121.32,512
Motorola,Razr 50 256GB,188.0,8.0,32MP,50MP,71,3800,7.6,2024,903.52,256
Motorola,Moto G85 128GB,173.0,8.0,32MP,50MP,63,5000,7.3,2024,327.02,128
Motorola,Moto G85 256GB,173.0,12.0,32MP,50MP,63,5000,7.3,2024,374.07,256
Motorola,S50 Neo 256GB,170.0,8.0,32MP,50MP,7200,4300,6.5,2024,296.17,256
Motorola,S50 Neo 512GB,170.0,12.0,32MP,50MP,7200,4300,6.5,2024,338.42,512
Motorola,Moto E14 64GB,180.0,4.0,8MP,13MP,606,5000,6.5,2024,138.07,64
Motorola,Moto E14 128GB,180.0,4.0,8MP,13MP,606,5000,6.5,2024,163.47,128
Motorola,Edge 256GB,174.0,8.0,32MP,50MP,72,4700,6.7,2024,460.02,256
Motorola,Edge 512GB,174.0,12.0,32MP,50MP,72,4700,6.7,2024,507.07,512
Motorola,Moto X50 Ultra 512GB,198.0,12.0,60MP,200MP,83,5000,6.9,2024,1352.72,512
Motorola,Moto G Stylus 5G 256GB,195.0,6.0,16MP,50MP,61,5000,6.8,2024,296.17,256
Motorola,Moto G Stylus 5G 512GB,195.0,8.0,16MP,50MP,61,5000,6.8,2024,338.42,512
Motorola,Edge 50 Ultra 512GB,198.0,12.0,60MP,200MP,83,5000,6.9,2024,1352.72,512
Motorola,Edge 30 Fusion 128GB,168.0,8.0,32MP,50MP,8885,4400,7.0,2022,598.52,128
Motorola,Edge 30 Fusion 256GB,168.0,12.0,32MP,50MP,8885,4400,7.0,2022,646.92,256
Motorola,Edge 30 Neo 128GB,155.0,6.0,32MP,64MP,6955,4020,7.0,2022,415.72,128
Motorola,Edge 30 Neo 256GB,155.0,8.0,32MP,64MP,6955,4020,7.0,2022,464.12,256
Motorola,Moto G82 5G 128GB,173.0,6.0,16MP,50MP,6955,5000,6.6,2022,323.52,128
Motorola,Moto G82 5G 256GB,173.0,8.0,16MP,50MP,6955,5000,6.6,2022,371.92,256
Motorola,Moto G62 5G 128GB,184.0,4.0,16MP,50MP,4805,5000,6.5,2022,272.32,128
Motorola,Moto G62 5G 256GB,184.0,6.0,16MP,50MP,4805,5000,6.5,2022,320.72,256
Motorola,Moto G42 128GB,175.0,4.0,16MP,50MP,6804,5000,6.4,2022,231.52,128
Motorola,Moto G32 128GB,184.0,4.0,16MP,50MP,6804,5000,6.5,2022,210.92,128
Motorola,Moto E32s 64GB,185.0,3.0,8MP,16MP,37,5000,6.5,2022,158.62,64
Motorola,Moto E22i 32GB,169.0,2.0,5MP,16MP,37,4020,6.5,2022,140.72,32
Motorola,Moto E22 64GB,169.0,4.0,5MP,16MP,37,4020,6.5,2022,154.78,64
Motorola,Moto G22 64GB,185.0,4.0,16MP,50MP,37,5000,6.5,2022,188.32,64
Huawei,Mate XT 256GB,245.0,12.0,13MP,50MP + 12MP + 48MP,9010,5000,8.1,2024,2347.92,256
Huawei,Mate XT 512GB,245.0,12.0,13MP,50MP + 12MP + 48MP,9010,5000,8.1,2024,2505.92,512
Huawei,Nova 13 256GB,170.0,8.0,50MP,50MP + 8MP,9000,4600,6.7,2024,486.92,256
Huawei,Nova 13 512GB,170.0,8.0,50MP,50MP + 8MP,9000,4600,6.7,2024,558.72,512
Huawei,Nova 13 Pro 256GB,190.0,8.0,60MP + 8MP,50MP + 8MP,9000,4600,7.5,2024,601.72,256
Huawei,Nova 13 Pro 512GB,190.0,8.0,60MP + 8MP,50MP + 8MP,9000,4600,7.5,2024,677.92,512
Nokia,G42 5G 128GB,193.0,4.0,8MP,50MP,480,5000,7.1,2023,233.22,128
Nokia,G20 64GB,197.0,4.0,8MP,48MP,35,5050,6.7,2021,161.02,64
Nokia,G20 128GB,197.0,4.0,8MP,48MP,35,5050,6.7,2021,182.32,128
Nokia,C32 64GB,199.0,3.0,8MP,50MP,9863,5000,6.7,2023,132.72,64
Nokia,C32 128GB,199.0,4.0,8MP,50MP,9863,5000,6.7,2023,148.22,128
Nokia,G21 64GB,190.0,4.0,8MP,50MP,606,5050,6.5,2022,160.64,64
Nokia,G21 128GB,190.0,6.0,8MP,50MP,606,5050,6.5,2022,183.68,128
Nokia,C22 64GB,190.0,2.0,8MP,13MP,9863,5000,6.5,2023,116.02,64
Nokia,C22 128GB,190.0,3.0,8MP,13MP,9863,5000,6.5,2023,130.8,128
Nokia,G400 128GB,198.0,6.0,16MP,48MP,480,5000,7.3,2022,259.52,128
Sony,Xperia 1 IV 256GB,185.0,12.0,12MP,12MP,81,5000,6.5,2022,1434.92,256
Sony,Xperia 5 IV 128GB,172.0,8.0,12MP,12MP,81,5000,6.1,2022,1019.32,128
Sony,Xperia 10 IV 128GB,161.0,6.0,8MP,12MP,695,5000,6.0,2022,538.92,128
Sony,Xperia 1 V 256GB,187.0,12.0,12MP,48MP,82,5000,6.5,2023,1511.72,256
Sony,Xperia 5 V 128GB,178.0,8.0,12MP,48MP,82,5000,6.1,2023,1090.32,128
Sony,Xperia 10 V 128GB,164.0,6.0,8MP,48MP,695,5000,6.1,2023,607.32,128
Sony,Xperia 1 VI 256GB,190.0,12.0,12MP,48MP,83,5000,6.5,2024,1582.92,256
Sony,Xperia 5 VI 128GB,180.0,8.0,12MP,48MP,83,5000,6.1,2024,1154.12,128
Sony,Xperia 10 VI 128GB,167.0,6.0,8MP,48MP,71,5000,6.1,2024,665.72,128
Huawei,MatePad Pro 12.2 512GB,508.0,12.0,16MP,"13MP (f/1.8, AF)",9000,10100,12.2,2024,689.17,512
Huawei,MatePad Pro 13.2 512GB,580.0,12.0,16MP,"13MP (f/1.8, AF)",9000,10100,13.2,2024,722.17,512
Google,Pixel 3a 64GB,147.0,4.0,8MP,12.2MP,670,3000,5.6,2019,393.72,64
Google,Pixel 3a XL 64GB,167.0,4.0,8MP,12.2MP,670,3700,6.0,2019,450.92,64
Google,Pixel 4 64GB,162.0,6.0,8MP,12.2MP,855,2800,5.7,2019,697.32,64
Google,Pixel 4 XL 64GB,193.0,6.0,8MP,12.2MP,855,3700,6.3,2019,796.92,64
Google,Pixel 4a 128GB,143.0,6.0,8MP,12.2MP,730,3140,5.8,2020,370.92,128
Google,Pixel 4a 5G 128GB,168.0,6.0,8MP,12.2MP,765,3885,6.2,2020,484.52,128
Google,Pixel 5 128GB,151.0,8.0,8MP,12.2MP,765,4080,6.0,2020,640.52,128
Google,Pixel 5a 128GB,183.0,6.0,8MP,12.2MP,765,4680,6.7,2021,481.32,128
Google,Pixel 6 128GB,207.0,8.0,8MP,50MP,0,4614,6.4,2021,728.92,128
Google,Pixel 6 Pro 256GB,210.0,12.0,11.1MP,50MP,0,5003,6.8,2021,906.32,256
Google,Pixel 6a 128GB,178.0,6.0,8MP,12.2MP,0,4410,6.1,2022,517.32,128
Google,Pixel 7 128GB,197.0,8.0,10.8MP,50MP,2,4355,6.3,2022,701.32,128
Google,Pixel 7 Pro 256GB,212.0,12.0,10.8MP,50MP,2,5000,6.7,2022,979.72,256
Google,Pixel 7a 128GB,193.0,8.0,10.8MP,64MP,2,4385,6.1,2023,556.12,128
Google,Pixel 8 128GB,187.0,8.0,10.5MP,50MP,3,4575,6.2,2023,767.72,128
Google,Pixel 8 Pro 256GB,213.0,12.0,10.5MP,50MP,3,5050,6.7,2023,1073.72,256
Google,Pixel 8a 128GB,194.0,8.0,10.5MP,64MP,3,4385,6.1,2024,607.32,128
Google,Pixel 9 128GB,195.0,8.0,10.8MP,50MP,4,4600,6.3,2024,834.12,128
Google,Pixel 9 Pro 256GB,216.0,12.0,10.8MP,50MP,4,5050,6.7,2024,1144.12,256
Google,Pixel 9 Pro XL 512GB,222.0,16.0,10.8MP,50MP,4,5250,6.8,2024,1332.12,512
Google,Pixel 9 Pro Fold 512GB,250.0,16.0,10.8MP,50MP,4,5500,7.6,2024,1849.72,512
Tecno,Spark Go 1S 64GB,190.0,4.0,8MP,13MP,22,5000,6.6,2024,119.28,64
Tecno,Megapad 11 256GB,450.0,8.0,13MP,50MP,99,8000,11.0,2024,332.32,256
Tecno,Pop 9 4G 64GB,195.0,3.0,5MP,8MP,9863,5000,6.7,2024,92.68,64
Tecno,Megapad 128GB,420.0,6.0,12MP,50MP,80,7500,10.9,2024,286.72,128
Tecno,Camon 30S 256GB,198.0,8.0,32MP,50MP,810,5200,6.8,2024,458.12,256
Tecno,Spark 30C 5G 128GB,200.0,6.0,16MP,50MP,6100,5000,6.6,2024,178.62,128
Tecno,Spark 30 5G 128GB,195.0,6.0,16MP,50MP,6020,5000,6.6,2024,202.58,128
Tecno,Pop 9 64GB,190.0,3.0,5MP,8MP,9832,5000,6.7,2024,84.66,64
Tecno,Spark 30 Pro 256GB,205.0,8.0,32MP,50MP,99,5200,6.8,2024,245.72,256
Tecno,Spark 30 128GB,192.0,4.0,16MP,50MP,85,5000,6.6,2024,160.72,128
Tecno,Phantom V Fold2 512GB,280.0,12.0,32MP,64MP,9200,5500,8.3,2024,1797.72,512
Tecno,Phantom V Flip2 256GB,195.0,8.0,32MP,50MP,8050,4300,6.9,2024,890.92,256
Tecno,Pova 6 Neo 5G 256GB,225.0,8.0,16MP,50MP,810,6000,6.8,2024,332.32,256
Tecno,Spark 30C 128GB,190.0,4.0,16MP,50MP,85,5000,6.6,2024,142.68,128
Tecno,Spark Go 1 64GB,195.0,3.0,5MP,8MP,9863,5000,6.7,2024,92.68,64
Tecno,Camon 30S Pro 512GB,202.0,12.0,50MP,108MP,9200,5200,6.9,2024,949.72,512
Tecno,Spark 20P 128GB,195.0,4.0,16MP,50MP,85,5000,6.6,2024,168.08,128
Tecno,Spark 20 Pro 5G 256GB,210.0,8.0,32MP,50MP,810,5200,6.8,2024,298.12,256
Tecno,Pova 6 Neo 256GB,230.0,8.0,16MP,50MP,99,6000,6.8,2024,267.84,256
Tecno,Camon 30 Premier 512GB,210.0,12.0,50MP,108MP,9200,5200,6.9,2024,1038.32,512
Tecno,Camon 30 Pro 512GB,205.0,12.0,50MP,64MP,8200,5200,6.8,2024,761.52,512
Tecno,Camon 30 5G 256GB,198.0,8.0,32MP,50MP,810,5000,6.7,2024,458.12,256
Tecno,Camon 30 128GB,195.0,6.0,32MP,50MP,99,5000,6.7,2024,332.32,128
Tecno,Pova 6 Pro 512GB,230.0,12.0,32MP,64MP,8100,6000,6.9,2024,949.72,512
Tecno,Spark 20 Pro+ 256GB,210.0,8.0,32MP,50MP,99,5200,6.8,2024,245.72,256
Tecno,Spark 20 Pro 128GB,195.0,6.0,16MP,50MP,85,5000,6.6,2024,178.62,128
Tecno,Spark 20 128GB,192.0,4.0,16MP,50MP,85,5000,6.6,2024,160.72,128
Tecno,Spark 20C 128GB,190.0,4.0,16MP,50MP,85,5000,6.6,2024,142.68,128
Tecno,Spark Go 2024 64GB,195.0,3.0,5MP,8MP,9863,5000,6.7,2024,92.68,64
Tecno,Pop 8 64GB,195.0,3.0,5MP,8MP,9832,5000,6.7,2024,84.66,64
Tecno,Camon 20s Pro 5G 512GB,202.0,12.0,50MP,108MP,9200,5200,6.9,2024,949.72,512
Tecno,Camon 20s Pro 256GB,202.0,12.0,50MP,108MP,810,5200,6.9,2024,746.32,256
Tecno,Camon 20s 256GB,200.0,8.0,32MP,50MP,99,5000,6.7,2024,406.92,256
Tecno,Camon 20 Premier 512GB,205.0,12.0,50MP,108MP,8200,5200,6.8,2024,895.72,512
Tecno,Camon 20 Pro 5G 256GB,200.0,8.0,32MP,50MP,810,5000,6.7,2024,458.12,256
Tecno,Camon 20 Pro 128GB,198.0,6.0,32MP,50MP,99,5000,6.7,2024,332.32,128
Tecno,Camon 20 128GB,195.0,6.0,32MP,50MP,99,5000,6.7,2024,332.32,128
Tecno,Pova 5G 512GB,240.0,8.0,32MP,50MP,900,6000,6.9,2024,635.32,512
Tecno,Pova 5 256GB,230.0,8.0,16MP,50MP,99,6000,6.8,2024,298.12,256
Infinix,Hot 30 128GB,196.0,8.0,8MP,50MP,88,5000,7.5,2023,169.74,128
Infinix,Hot 30i 128GB,191.0,4.0,8MP,13MP,606,5000,6.6,2023,139.4,128
Infinix,Hot 30i NFC 128GB,191.0,4.0,8MP,13MP,606,5000,6.6,2023,141.32,128
Infinix,Hot 30 Play 128GB,205.0,4.0,8MP,16MP,37,6000,7.0,2023,152.74,128
Infinix,Hot 30 5G 128GB,202.0,8.0,8MP,50MP,810,5000,7.5,2023,211.76,128
Infinix,Zero 30 256GB,185.0,8.0,50MP,108MP,8020,5000,7.5,2023,316.72,256
Infinix,Zero 30 5G 256GB,185.0,12.0,50MP,108MP,8020,5000,7.5,2023,341.72,256
Infinix,GT 10 Pro 256GB,187.0,8.0,32MP,108MP,8050,5000,7.3,2023,373.92,256
Infinix,Hot 12 128GB,195.0,6.0,8MP,13MP,85,5000,7.0,2022,150.1,128
Infinix,Hot 12 Play 128GB,209.0,4.0,8MP,13MP,610,6000,7.0,2022,135.32,128
Infinix,Hot 12 Pro 128GB,191.0,8.0,8MP,50MP,616,5000,6.6,2022,168.06,128
Infinix,Hot 12i 64GB,190.0,4.0,8MP,13MP,22,5000,6.6,2022,120.48,64
Infinix,Hot 20 128GB,198.0,6.0,8MP,50MP,85,5000,7.0,2022,167.34,128
Infinix,Hot 20 Play 128GB,209.0,4.0,8MP,13MP,37,6000,7.0,2022,137.24,128
Infinix,Hot 20s 128GB,202.0,8.0,8MP,50MP,96,5000,7.5,2022,187.32,128
Infinix,Hot 20 5G 128GB,204.0,6.0,8MP,50MP,810,5000,6.6,2022,207.2,128
Infinix,Hot 20i 64GB,195.0,4.0,8MP,13MP,25,5000,6.6,2022,118.56,64
Infinix,Hot 10T 128GB,205.0,4.0,8MP,48MP,70,5000,7.0,2021,129.9,128
Infinix,Hot 10S 128GB,211.0,6.0,8MP,48MP,85,6000,7.0,2021,144.44,128
Infinix,Hot 10S NFC 128GB,211.0,6.0,8MP,48MP,85,6000,7.0,2021,153.86,128
Infinix,Hot 10 Lite 64GB,195.0,3.0,8MP,13MP,25,5000,6.6,2020,96.52,64
Infinix,Hot 10 Play 64GB,207.0,4.0,8MP,13MP,25,6000,7.0,2021,119.28,64
Infinix,Hot 11 128GB,201.0,4.0,8MP,13MP,70,5200,6.6,2021,136.52,128
Infinix,Hot 11 Play 128GB,209.0,4.0,8MP,13MP,35,6000,7.0,2021,145.94,128
Infinix,Hot 11s 128GB,205.0,6.0,8MP,50MP,88,5000,7.5,2021,163.28,128
Infinix,Smart HD 32GB,195.0,2.0,5MP,8MP,20,5000,6.1,2020,71.84,32
Infinix,Note 8i 128GB,210.0,6.0,8MP,48MP,80,5200,7.5,2020,166.62,128
Infinix,Hot 10 Lite 64GB,195.0,3.0,8MP,13MP,25,5000,6.6,2020,96.52,64
Infinix,Note 8 128GB,210.0,6.0,16MP,64MP,80,5200,7.4,2020,199.92,128
Infinix,Zero 8i 128GB,210.0,8.0,16MP,48MP,90,4500,7.3,2020,220.52,128
Infinix,Hot 10 128GB,204.0,4.0,8MP,16MP,70,5200,7.5,2020,136.52,128
Infinix,Zero 8 128GB,205.0,8.0,48MP,64MP,90,4500,7.3,2020,245.92,128
Infinix,Smart 5 64GB,195.0,3.0,8MP,13MP,20,5000,6.6,2020,87.1,64
POCO,F2 Pro 128GB,219.0,6.0,20MP,64MP,865,4700,7.3,2020,454.92,128
POCO,M2 Pro 64GB,209.0,4.0,16MP,48MP,720,5000,7.3,2020,180.92,64
POCO,X3 NFC 128GB,215.0,6.0,20MP,64MP,732,5160,7.3,2020,208.72,128
POCO,M3 64GB,198.0,4.0,8MP,48MP,662,6000,6.8,2020,134.52,64
POCO,F3 128GB,196.0,6.0,20MP,48MP,870,4520,7.3,2021,337.72,128
POCO,X3 Pro 128GB,215.0,6.0,20MP,48MP,860,5160,7.3,2021,235.72,128
POCO,M3 Pro 5G 64GB,190.0,4.0,8MP,48MP,700,5000,6.5,2021,171.72,64
POCO,F3 GT 128GB,205.0,6.0,16MP,64MP,1200,5065,7.3,2021,345.12,128
POCO,X3 GT 128GB,193.0,6.0,16MP,64MP,1100,5000,6.6,2021,253.52,128
POCO,M4 Pro 5G 128GB,195.0,4.0,16MP,50MP,810,5000,6.6,2021,192.82,128
POCO,F4 128GB,195.0,6.0,20MP,64MP,870,4500,7.3,2022,333.72,128
POCO,F4 GT 128GB,210.0,8.0,20MP,64MP,81,4700,7.3,2022,468.12,128
POCO,X4 Pro 5G 128GB,205.0,6.0,16MP,108MP,695,5000,7.3,2022,265.72,128
POCO,M4 Pro 128GB,179.0,6.0,16MP,64MP,96,5000,6.7,2022,196.42,128
POCO,M5 128GB,201.0,4.0,5MP,50MP,99,5000,7.3,2022,170.92,128
POCO,M5s 128GB,178.8,4.0,13MP,64MP,95,5000,6.7,2022,192.32,128
POCO,F5 128GB,181.0,6.0,16MP,64MP,72,5000,7.3,2023,333.92,128
POCO,F5 Pro 256GB,204.0,8.0,20MP,64MP,81,5160,7.3,2023,462.72,256
POCO,X5 128GB,189.0,6.0,13MP,48MP,695,5000,7.3,2023,250.72,128
POCO,X5 Pro 128GB,181.0,6.0,16MP,108MP,778,5000,7.3,2023,294.12,128
POCO,M6 64GB,199.0,4.0,8MP,50MP,88,5000,7.3,2023,172.12,64
POCO,M6 Pro 128GB,202.0,6.0,8MP,50MP,41,5000,7.6,2023,192.82,128
POCO,X6 128GB,193.0,6.0,16MP,64MP,8100,5000,7.3,2024,300.32,128
POCO,X6 Pro 256GB,205.0,8.0,20MP,108MP,8300,5000,7.3,2024,343.92,256
POCO,F6 128GB,190.0,6.0,20MP,64MP,82,5000,7.3,2024,414.32,128
POCO,F6 Pro 256GB,210.0,8.0,20MP,108MP,82,5160,7.3,2024,502.92,256
POCO,C65 64GB,190.0,4.0,5MP,50MP,85,5000,6.5,2024,134.52,64
POCO,X7 128GB,195.0,6.0,16MP,64MP,8200,5000,7.3,2025,294.12,128
POCO,X7 Pro 256GB,207.0,8.0,20MP,108MP,8400,6000,7.3,2025,361.12,256
POCO,M7 5G 128GB,198.0,6.0,8MP,50MP,7025,5110,7.3,2024,206.32,128
Poco,Pad 5G 128GB,571.0,8.0,8MP,8MP,72,10000,12.1,2024,275.61,128
Poco,Pad 5G 256GB,571.0,8.0,8MP,8MP,72,10000,12.1,2024,297.39,256
Samsung,Galaxy Z Fold6 256GB,239.0,12.0,"10MP, 4MP (UDC)",50MP,83,4400,7.6,2024,1992.12,256
Samsung,Galaxy Z Fold6 512GB,239.0,12.0,"10MP, 4MP (UDC)",50MP,83,4400,7.6,2024,2024.72,512
Samsung,Galaxy Z Fold6 1TB,239.0,12.0,"10MP, 4MP (UDC)",50MP,83,4400,7.6,2024,1907.92,1024
