brand_name,price,avg_rating,5G_or_not,processor_brand,num_cores,processor_speed,battery_capacity,fast_charging_available,ram_capacity,internal_memory,screen_size,refresh_rate,num_rear_cameras,os,primary_camera_rear,primary_camera_front,extended_memory_available,resolution_height,resolution_width
apple,472.31439990311253,7.3,0,bionic,6.0,2.65,3110.0,0,4,64,6.1,60,2,ios,12.0,12.0,0,1792,828
apple,569.2018893060434,7.5,0,bionic,6.0,2.65,3110.0,0,4,128,6.1,60,2,ios,12.0,12.0,0,1792,828
apple,629.7565701828752,7.4,1,bionic,6.0,3.1,4817.748194014448,0,4,64,6.1,60,2,ios,12.0,12.0,0,2532,1170
apple,678.2003148843406,7.5,1,bionic,6.0,3.1,4817.748194014448,0,4,128,6.1,60,2,ios,12.0,12.0,0,2532,1170
apple,823.5315489887369,7.6,1,bionic,6.0,3.1,4817.748194014448,0,4,256,6.1,60,2,ios,12.0,12.0,0,2532,1170
apple,496.53627225384525,7.4,1,bionic,6.0,3.1,4817.748194014448,0,4,64,5.4,60,2,ios,12.0,12.0,0,2340,1080
apple,557.090953130677,7.5,1,bionic,6.0,3.1,4817.748194014448,0,4,128,5.4,60,2,ios,12.0,12.0,0,2340,1080
apple,678.2003148843406,7.5,1,bionic,6.0,3.1,4817.748194014448,0,4,256,5.4,60,2,ios,12.0,12.0,0,2340,1080
apple,762.9768681119051,7.9,1,bionic,6.0,3.22,3240.0,1,4,128,6.1,60,2,ios,12.0,12.0,0,2532,1170
apple,785.9997577812766,7.9,1,bionic,6.0,3.22,2438.0,1,4,128,5.4,60,2,ios,12.0,12.0,0,2340,1080
apple,799.3096766380041,8.1,1,bionic,6.0,3.22,3279.0,1,6,128,6.1,60,2,ios,12.0,12.0,0,2532,1170
apple,641.7585079326633,7.825824800910125,0,fusion,4.0,2.37,2230.0,0,3,32,4.7,60,1,ios,13.0,7.0,0,1334,750
apple,363.206975899237,6.1,0,bionic,6.0,2.65,2050.0,1,3,64,4.7,60,1,ios,12.0,7.0,0,1334,750
apple,483.22635339711763,6.3,0,bionic,6.0,2.65,1821.0,1,3,64,4.7,60,1,ios,12.0,7.0,0,1334,750
apple,531.670098098583,7.825824800910125,1,bionic,6.0,3.22,4817.748194014448,0,4,64,4.7,60,1,ios,12.0,7.0,0,1334,750
apple,605.4256994065641,6.0,1,bionic,6.0,3.22,4817.748194014448,0,4,64,6.1,60,1,ios,12.0,11.0,0,1580,750
asus,484.4253360784789,8.7,1,snapdragon,8.0,2.9,6000.0,1,8,128,6.78,144,3,android,64.0,24.0,0,2448,1080
asus,774.9788058616932,8.6,1,snapdragon,8.0,3.2,4300.0,1,8,128,5.9,120,2,android,50.0,12.0,0,2400,1080
blackview,108.87731621654355,6.7,1,helio,8.0,2.3,5180.0,1,4,64,6.1,60,2,android,13.0,8.0,1,1560,720
blu,181.54293326874168,8.5,1,dimensity,8.0,2.4,5000.0,1,8,128,6.8,60,4,android,48.0,16.0,1,2460,1080
cat,181.65193169431998,7.825824800910125,0,snapdragon,4.0,1.3,2000.0,0,2,16,4.0,60,1,Not Defined,5.0,2.0,0,640,480
cola,181.65193169431998,7.4,0,helio,8.0,2.2,5000.0,1,4,64,6.4,90,2,android,50.0,16.0,1,2400,1080
doogee,181.65193169431998,8.4,0,helio,8.0,2.05,6000.0,1,8,128,6.3,60,3,android,108.0,32.0,1,2340,1080
doogee,557.090953130677,8.8,1,dimensity,8.0,2.6,22000.0,1,12,256,6.58,120,3,android,108.0,32.0,1,2408,1080
duoqin,120.98825239190991,7.825824800910125,0,helio,8.0,2.0,2150.0,0,4,64,3.54,60,1,android,8.0,2.0,1,960,640
gionee,74.96669492551774,7.825824800910125,0,tiger,4.0,2.0,3500.0,0,4,32,6.26,60,2,other,13.0,5.0,1,1600,720
gionee,84.76444229138913,7.825824800910125,0,tiger,4.0,2.0,4800.0,0,3,32,6.8,60,1,android,13.0,5.0,1,1600,720
gionee,90.81991037907231,6.7,0,helio,8.0,1.99,4000.0,0,6,128,6.2,60,1,android,16.0,13.0,1,1520,720
google,193.65386944410804,6.9,0,snapdragon,8.0,2.35,3520.0,1,4,128,6.0,60,1,android,12.2,8.0,0,2880,1440
google,193.76286786968635,6.7,0,snapdragon,8.0,2.0,3700.0,1,4,64,6.0,60,1,android,12.2,8.0,0,2160,1080
google,243.6720358483711,7.8,0,snapdragon,8.0,2.8,2800.0,1,6,64,5.7,60,2,android,16.0,8.0,0,2280,1080
google,435.99370231318886,8.2,1,snapdragon,8.0,2.4,4080.0,1,8,128,6.0,90,2,android,16.0,8.0,0,2340,1080
google,399.6487828509144,7.8,1,snapdragon,8.0,2.4,4620.0,1,6,128,6.34,60,2,android,16.0,8.0,0,2400,1080
google,490.2506963788301,8.4,1,google,8.0,2.8,4614.0,1,8,128,6.4,90,2,android,50.0,8.0,0,2400,1080
google,657.6238343223931,8.9,1,google,8.0,2.8,5003.0,1,12,128,6.71,120,3,android,50.0,11.0,0,3120,1440
google,363.31597432481533,7.1,1,google,8.0,2.427217484008529,4410.0,1,6,128,6.14,60,2,android,12.2,8.0,0,2400,1080
google,643.0907109119536,8.6,1,google,8.0,2.85,4355.0,1,8,128,6.3,90,2,android,50.0,11.0,0,2400,1080
google,423.76165677606883,6.9,1,google,8.0,2.427217484008529,4410.0,1,6,128,6.1,90,2,android,12.2,8.0,0,2400,1080
google,653.8694441080296,7.5,1,google,8.0,2.427217484008529,4830.0,1,8,128,6.6,120,2,android,50.0,10.0,0,2400,1080
honor,399.5397844253361,8.5,1,snapdragon,8.0,2.4,4300.0,1,6,128,6.57,120,4,android,108.0,32.0,0,2340,1080
honor,302.65229502240527,7.5,1,dimensity,8.0,2.0,4300.0,1,8,128,6.67,120,3,android,64.0,16.0,0,2340,1080
honor,484.3163376529006,8.8,1,snapdragon,8.0,2.5,4800.0,1,12,512,6.67,120,3,android,54.0,32.0,0,2400,1080
honor,375.3179120746034,8.6,1,snapdragon,8.0,2.5,4800.0,1,8,256,6.67,120,3,android,54.0,32.0,0,2400,1080
honor,665.980380283396,7.825824800910125,1,snapdragon,8.0,3.0,4500.0,1,12,256,6.78,120,3,android,200.0,50.0,0,2652,1200
honor,121.0972508174882,6.8,1,snapdragon,8.0,2.2,5000.0,0,4,128,6.5,60,1,android,13.0,5.0,1,1600,720
honor,169.54099551895362,7.1,0,helio,8.0,2.0,5000.0,1,4,64,6.5,60,3,android,50.0,5.0,1,1600,720
honor,169.54099551895362,7.5,0,helio,8.0,2.3,5000.0,1,6,128,6.75,90,4,android,50.0,8.0,1,1600,720
honor,205.8738040450527,7.6,0,snapdragon,8.0,2.4,4000.0,1,6,128,6.7,90,4,android,64.0,16.0,0,2388,1080
honor,181.54293326874168,7.5,1,snapdragon,8.0,2.2,5000.0,1,6,128,6.5,60,3,android,48.0,8.0,1,1600,720
honor,205.8738040450527,8.0,1,snapdragon,8.0,2.2,4800.0,1,8,128,6.81,60,3,android,48.0,16.0,0,2388,1080
honor,339.0941019740826,8.1,1,snapdragon,8.0,2.2,5100.0,1,8,256,6.67,120,3,android,64.0,16.0,0,2400,1080
huawei,132.60264018408625,6.6,0,kirin,8.0,2.36,3000.0,0,4,64,5.84,60,2,android,13.0,16.0,1,2280,1080
huawei,363.206975899237,8.2,0,snapdragon,8.0,2.4,4000.0,1,8,128,6.67,120,3,other,50.0,60.0,0,2400,1080
huawei,290.6503572726172,8.4,0,snapdragon,8.0,2.4,4500.0,1,8,256,6.67,90,3,android,108.0,16.0,1,2160,1080
huawei,266.3194864963062,8.1,0,kirin,8.0,2.2,4200.0,1,8,128,6.4,60,4,android,48.0,16.0,1,2340,1080
huawei,363.206975899237,8.3,0,snapdragon,8.0,2.4,4300.0,1,8,128,6.57,120,4,other,50.0,32.0,0,2340,1080
huawei,242.09761414557346,8.4,0,snapdragon,8.0,2.4,4000.0,1,8,128,6.78,90,4,android,108.0,16.0,1,2388,1080
huawei,266.3194864963062,6.3,0,Not Defined,8.0,2.427217484008529,5000.0,1,4,64,6.52,60,3,other,50.0,5.0,1,1600,720
huawei,278.43042267167255,8.2,0,snapdragon,8.0,2.4,5000.0,1,8,128,6.7,90,4,other,50.0,8.0,1,2388,1080
huawei,738.7549957611724,7.825824800910125,0,snapdragon,8.0,2.84,4360.0,1,8,256,6.6,120,4,other,50.0,13.0,1,2700,1288
ikall,82.34225505631586,6.1,0,Not Defined,4.0,1.3,5000.0,0,4,64,6.82,60,1,android,20.0,13.0,1,1560,720
ikall,96.87537846675549,6.1,0,Not Defined,4.0,1.6,5000.0,0,4,32,6.5,60,1,android,20.0,13.0,1,1600,720
ikall,98.08647208429213,6.0,0,Not Defined,4.0,1.6,5000.0,0,4,64,6.5,60,1,android,13.0,8.0,1,1600,720
infinix,117.3549715393,7.1,0,helio,8.0,2.0,5000.0,0,4,64,6.78,90,3,android,50.0,8.0,1,2480,1080
infinix,121.0972508174882,7.2,0,helio,8.0,2.3,6000.0,1,4,64,6.82,90,3,android,50.0,8.0,1,1640,720
infinix,107.90844132251424,6.6,0,tiger,8.0,1.82,6000.0,1,4,64,6.82,90,2,android,13.0,8.0,1,720,1640
infinix,131.40365750272497,7.4,0,tiger,8.0,2.0,5000.0,1,6,64,6.6,90,2,android,50.0,8.0,1,1612,720
infinix,149.44895240402084,7.6,0,tiger,8.0,2.0,5000.0,1,8,128,6.6,90,2,android,50.0,8.0,1,1612,720
infinix,217.98474022041907,7.5,1,dimensity,8.0,2.4,5000.0,1,4,64,6.6,120,2,android,50.0,8.0,1,2408,1080
infinix,242.20661257115177,7.8,1,dimensity,8.0,2.4,5000.0,1,6,128,6.6,120,2,android,50.0,8.0,1,2408,1080
infinix,108.98631464212184,6.7,0,helio,8.0,2.3,6000.0,1,4,64,6.82,90,2,android,13.0,8.0,1,1640,720
infinix,121.0972508174882,6.4,0,helio,8.0,2.0,5000.0,0,3,64,6.6,60,2,android,13.0,8.0,1,1612,720
infinix,157.43005934358726,7.7,0,helio,8.0,2.05,5000.0,1,8,128,6.78,60,2,android,50.0,8.0,1,2460,1080
infinix,155.007872108514,7.7,0,helio,8.0,2.0,5000.0,1,6,128,6.7,60,3,android,50.0,16.0,1,2400,1080
infinix,193.76286786968635,7.9,0,helio,8.0,2.05,5000.0,1,8,128,6.95,120,3,android,50.0,16.0,1,2460,1080
infinix,141.69795325178637,7.4,0,helio,8.0,2.0,5000.0,1,4,64,6.7,60,3,android,50.0,16.0,1,1080,2400
infinix,157.43005934358726,7.7,0,helio,8.0,2.0,5000.0,1,6,128,6.7,60,3,android,50.0,16.0,1,1080,2400
infinix,205.8738040450527,7.9,0,helio,8.0,2.05,5000.0,1,8,128,6.7,60,3,android,50.0,16.0,1,2400,1080
infinix,193.76286786968635,7.8,1,dimensity,8.0,2.4,5000.0,1,6,64,6.7,60,3,android,50.0,16.0,1,2400,1080
infinix,204.67482136369142,8.3,0,helio,8.0,2.2,5000.0,1,8,256,6.7,60,3,android,108.0,16.0,1,2400,1080
infinix,230.0956763957854,8.4,1,dimensity,8.0,2.4,5000.0,1,8,128,6.7,60,3,android,108.0,16.0,1,2400,1080
infinix,181.65193169431998,7.9,0,helio,8.0,2.0,5000.0,1,8,128,6.7,60,3,android,50.0,16.0,1,1080,2400
infinix,242.20661257115177,8.4,0,helio,8.0,2.05,4500.0,1,8,128,6.7,120,3,android,108.0,16.0,1,2400,1080
infinix,121.0972508174882,7.3,0,helio,8.0,2.0,5000.0,1,4,64,6.7,60,3,android,50.0,8.0,1,2400,1080
infinix,205.8738040450527,8.0,0,helio,8.0,2.2,5000.0,1,6,128,6.91,60,4,android,108.0,16.0,1,2460,1080
infinix,88.65205280368173,6.0,0,helio,4.0,2.0,5000.0,0,2,64,6.6,60,2,android,8.0,5.0,1,1600,720
infinix,84.76444229138913,7.825824800910125,0,helio,4.0,2.0,5000.0,0,2,32,6.6,60,2,android,8.0,5.0,1,1600,720
infinix,100.50865931936539,6.3,0,helio,8.0,2.0,5000.0,0,3,64,6.82,60,2,android,8.0,5.0,1,1600,720
infinix,217.98474022041907,8.7,0,helio,8.0,2.2,4500.0,1,8,128,6.7,90,3,android,108.0,60.0,1,2400,1080
infinix,236.15114448346858,8.5,1,dimensity,8.0,2.6,5000.0,1,8,256,6.78,120,3,android,50.0,16.0,1,2460,1080
infinix,448.09252755237986,8.9,1,dimensity,8.0,2.5,4500.0,1,8,256,6.8,120,3,android,200.0,32.0,1,2400,1080
infinix,266.3194864963062,8.5,1,helio,8.0,2.05,4500.0,1,8,128,6.67,120,3,android,108.0,16.0,1,2400,1080
iqoo,787.1987404626378,8.9,1,snapdragon,8.0,3.2,5000.0,1,16,256,6.78,144,3,android,50.0,16.0,0,3200,1440
iqoo,726.6440595858061,8.8,1,snapdragon,8.0,3.2,5000.0,1,8,256,6.78,144,3,android,50.0,16.0,0,3200,1440
iqoo,714.4241249848614,8.9,1,snapdragon,8.0,3.2,4700.0,1,8,256,6.78,144,3,android,50.0,16.0,0,3200,1440
iqoo,302.65229502240527,8.3,1,snapdragon,8.0,3.2,4400.0,1,8,128,6.62,120,3,android,48.0,16.0,0,2400,1080
iqoo,435.8725929514352,8.5,1,snapdragon,8.0,3.2,4400.0,1,12,256,6.62,120,3,android,48.0,16.0,0,2400,1080
iqoo,484.3163376529006,8.4,1,snapdragon,8.0,2.84,4000.0,1,8,128,6.62,120,3,android,48.0,16.0,0,2400,1080
iqoo,423.76165677606883,8.4,1,snapdragon,8.0,2.9,4350.0,1,8,128,6.56,120,3,android,48.0,16.0,0,2376,1080
iqoo,484.3163376529006,8.5,1,snapdragon,8.0,2.9,4350.0,1,12,256,6.56,120,3,android,48.0,16.0,0,2376,1080
iqoo,726.5350611602278,8.8,1,snapdragon,8.0,3.0,4700.0,1,8,256,6.78,120,3,android,50.0,16.0,0,3200,1440
iqoo,375.3179120746034,8.3,1,snapdragon,8.0,2.84,4500.0,1,8,128,6.62,120,3,android,48.0,16.0,0,2400,1080
iqoo,423.2651083928788,8.5,1,snapdragon,8.0,2.84,4500.0,1,12,256,6.62,120,3,android,48.0,16.0,0,2400,1080
iqoo,581.2038270558314,8.5,1,snapdragon,8.0,3.2,4700.0,1,8,128,6.78,120,3,android,50.0,16.0,0,2400,1080
iqoo,351.20503814944897,8.2,1,snapdragon,8.0,3.2,4700.0,1,8,128,6.62,120,3,android,64.0,16.0,0,2400,1080
iqoo,408.7319849824392,8.4,1,snapdragon,8.0,3.2,4700.0,1,12,256,6.62,120,3,android,64.0,16.0,0,2400,1080
iqoo,278.43042267167255,8.3,1,snapdragon,8.0,3.2,4700.0,1,8,128,6.62,120,3,android,64.0,16.0,0,2400,1080
iqoo,363.31597432481533,8.2,1,dimensity,8.0,3.1,5000.0,1,8,128,6.78,120,3,android,64.0,16.0,0,2400,1080
iqoo,399.5397844253361,8.4,1,snapdragon,8.0,3.2,5000.0,1,8,256,6.78,120,3,android,50.0,16.0,0,2400,1080
iqoo,302.65229502240527,8.3,1,dimensity,8.0,3.1,5000.0,1,8,128,6.78,120,3,android,64.0,16.0,0,2400,1080
iqoo,175.47535424488314,7.7,0,snapdragon,8.0,2.4,5000.0,1,4,128,6.44,120,3,android,50.0,16.0,1,2400,1080
iqoo,193.76286786968635,8.0,0,snapdragon,8.0,2.4,5000.0,1,6,128,6.44,120,3,android,50.0,16.0,1,2400,1080
iqoo,187.70739978200317,7.8,1,snapdragon,8.0,2.2,5000.0,1,4,128,6.58,120,3,android,50.0,16.0,1,2408,1080
iqoo,205.1592588107061,8.0,1,snapdragon,8.0,2.2,5000.0,1,6,128,6.58,120,3,android,50.0,16.0,1,2408,1080
iqoo,224.02809737192686,8.2,1,snapdragon,8.0,2.2,5000.0,1,8,128,6.58,120,3,android,50.0,16.0,1,2408,1080
iqoo,187.70739978200317,7.9,1,snapdragon,8.0,2.0,5000.0,1,6,128,6.58,120,2,android,50.0,8.0,1,2408,1080
iqoo,169.41988615719995,7.5,1,snapdragon,8.0,2.0,5000.0,1,4,64,6.58,120,2,android,50.0,8.0,1,2408,1080
iqoo,263.87307738888217,7.8,1,snapdragon,8.0,2.4,4700.0,1,6,128,6.44,90,3,android,64.0,16.0,0,2404,1080
iqoo,339.0941019740826,8.2,1,snapdragon,8.0,2.4,4700.0,1,12,256,6.44,90,3,android,64.0,16.0,0,2404,1080
iqoo,283.3837955673974,8.0,1,snapdragon,8.0,2.4,4700.0,1,8,128,6.44,90,3,android,64.0,16.0,0,2404,1080
iqoo,217.98474022041907,8.0,1,snapdragon,8.0,2.2,4200.0,1,8,128,6.67,120,3,android,50.0,16.0,0,2400,1080
iqoo,302.7612934479836,8.0,1,snapdragon,8.0,2.36,5000.0,1,6,128,6.62,144,3,android,50.0,16.0,1,2412,1080
iqoo,181.65193169431998,7.8,1,snapdragon,8.0,2.2,5000.0,1,4,128,6.58,120,3,android,50.0,16.0,1,2412,1080
iqoo,242.09761414557346,7.6,1,snapdragon,8.0,2.427217484008529,5000.0,1,8,128,6.67,120,3,android,64.0,16.0,1,2412,1080
itel,48.43163376529006,7.825824800910125,0,spreadtrum,4.0,1.4,2400.0,0,1,8,5.0,60,1,android,5.0,2.0,0,480,854
itel,57.97505147147875,7.825824800910125,0,spreadtrum,4.0,1.4,3020.0,0,2,32,5.0,60,1,android,2.0,16.58974358974359,0,480,854
itel,72.54450769044448,7.825824800910125,0,unisoc,4.0,1.4,3020.0,0,2,32,5.0,60,1,android,2.0,0.0,1,480,854
itel,66.4890396027613,7.825824800910125,0,Not Defined,4.0,1.3,4000.0,0,1,16,6.0,60,2,android,8.0,5.0,1,1600,720
itel,78.59997577812766,7.825824800910125,0,spreadtrum,4.0,1.3,5000.0,0,1,16,6.5,60,2,android,8.0,8.0,0,720,1600
itel,72.54450769044448,7.825824800910125,0,unisoc,4.0,1.3,4000.0,0,1,16,6.5,60,3,android,8.0,8.0,1,720,1600
itel,84.65544386581084,7.825824800910125,0,Not Defined,4.0,1.3,4000.0,0,2,32,6.6,60,3,android,8.0,8.0,1,720,1600
itel,71.33341407290784,7.825824800910125,0,unisoc,8.0,1.6,4000.0,0,3,32,6.09,60,2,android,8.0,5.0,1,720,1520
itel,81.13116143877923,6.1,0,unisoc,8.0,1.6,5000.0,1,3,64,6.6,60,2,android,8.0,5.0,1,720,1612
itel,70.06176577449438,7.825824800910125,0,unisoc,8.0,1.6,5000.0,1,2,32,6.6,60,2,android,8.0,5.0,1,720,1612
jio,145.21012474264262,6.4,1,snapdragon,8.0,2.2,5000.0,1,4,32,6.5,90,1,android,13.0,8.0,1,1600,720
jio,56.30374227927819,7.825824800910125,0,snapdragon,4.0,1.3,3500.0,0,2,32,5.45,60,1,android,13.0,8.0,1,1440,720
jio,90.81991037907231,7.825824800910125,0,snapdragon,4.0,1.3,3000.0,0,3,32,5.5,60,1,android,13.0,8.0,1,1440,720
jio,54.48710185297324,7.825824800910125,0,Not Defined,4.0,1.4,2800.0,0,2,64,5.0,60,1,android,5.0,2.0,1,1280,720
lava,217.87574179484076,8.4,1,dimensity,8.0,2.4,5000.0,1,8,128,6.78,90,4,android,64.0,16.0,1,2460,1080
lava,133.20818699285456,7.3,1,dimensity,8.0,2.2,5000.0,0,4,128,6.5,90,3,android,50.0,8.0,1,720,1600
lava,108.98631464212184,6.6,0,helio,8.0,2.3,5000.0,0,4,64,6.5,60,3,android,13.0,8.0,1,1600,720
lava,84.76444229138913,7.825824800910125,0,helio,4.0,2.0,4000.0,0,3,32,6.5,60,2,android,8.0,5.0,1,720,1600
leeco,133.20818699285456,6.5,0,tiger,4.0,1.8,5000.0,1,8,128,6.5,60,2,android,13.0,5.0,0,1600,720
lenovo,726.6440595858061,8.9,1,snapdragon,8.0,2.84,5000.0,1,16,512,6.5,144,2,android,64.0,20.0,0,2400,1080
lenovo,569.0928908804651,8.7,1,snapdragon,8.0,3.0,5600.0,1,12,256,6.92,144,2,android,64.0,16.0,0,2460,1080
letv,66.5980380283396,7.825824800910125,0,tiger,4.0,2.0,4000.0,0,4,32,6.54,60,2,android,8.0,5.0,0,1560,720
letv,72.65350611602277,6.0,0,tiger,4.0,1.8,4000.0,1,6,64,6.5,60,2,android,8.0,5.0,0,1560,720
letv,84.76444229138913,7.825824800910125,0,unisoc,8.0,2.427217484008529,4000.0,0,4,32,6.5,60,3,android,13.0,8.0,0,1560,720
lg,666.0893787089742,8.5,1,snapdragon,8.0,2.4,4300.0,1,6,128,6.8,60,3,android,48.0,16.0,1,2460,1080
lg,666.0893787089742,8.9,1,snapdragon,8.0,2.4,4000.0,1,8,128,6.8,60,3,Not Defined,64.0,32.0,0,2460,1080
lyf,48.322635339711766,6.0,0,snapdragon,8.0,1.5,3500.0,0,3,32,5.5,60,2,android,13.0,5.0,1,1920,1080
lyf,47.111541722175126,7.825824800910125,0,snapdragon,8.0,1.5,2500.0,0,3,32,5.0,60,1,android,13.0,13.0,1,1920,1080
micromax,84.76444229138913,6.6,0,unisoc,8.0,1.8,5000.0,0,4,64,6.52,60,2,android,13.0,5.0,1,1600,720
micromax,94.34419280610392,6.8,0,unisoc,8.0,1.8,5000.0,0,6,64,6.52,60,2,android,13.0,5.0,1,1600,720
micromax,72.65350611602277,6.0,0,tiger,8.0,1.8,5000.0,0,3,32,6.52,60,1,android,8.0,5.0,1,1600,720
motorola,230.0956763957854,8.7,1,dimensity,8.0,2.4,5000.0,1,6,128,6.67,90,3,android,108.0,32.0,1,2400,1080
motorola,278.53942109725085,8.3,1,snapdragon,8.0,2.5,4020.0,1,6,128,6.5,144,3,android,50.0,32.0,0,2400,1080
motorola,302.7612934479836,8.5,1,snapdragon,8.0,2.5,4020.0,1,8,128,6.5,144,3,android,50.0,32.0,0,2400,1080
motorola,484.4253360784789,8.8,1,snapdragon,8.0,2.9,4400.0,1,8,128,6.55,144,3,android,50.0,32.0,0,2400,1080
motorola,423.87065520164714,8.9,1,snapdragon,8.0,3.0,4800.0,1,8,128,6.7,144,3,android,50.0,60.0,0,2400,1080
motorola,666.0893787089742,7.825824800910125,1,snapdragon,8.0,3.2,4610.0,1,8,128,6.67,144,3,android,200.0,60.0,0,2400,1080
motorola,726.6440595858061,7.825824800910125,1,snapdragon,8.0,3.2,4610.0,1,12,256,6.67,144,3,android,200.0,60.0,0,2400,1080
motorola,423.87065520164714,8.6,1,snapdragon,8.0,2.36,4200.0,1,8,128,6.5,144,3,android,50.0,32.0,0,2412,1080
motorola,520.6491461789997,8.7,1,snapdragon,8.0,3.2,4500.0,1,8,128,6.67,144,3,android,50.0,32.0,0,2400,1080
motorola,726.5350611602278,8.9,1,snapdragon,8.0,3.2,4800.0,1,8,128,6.7,165,3,android,50.0,60.0,0,2460,1080
motorola,702.4221872350734,8.9,1,snapdragon,8.0,2.84,5000.0,1,12,256,6.7,90,3,android,108.0,25.0,0,2340,1080
motorola,272.3749545839894,8.7,1,snapdragon,8.0,3.2,5000.0,1,6,128,6.7,90,4,android,64.0,16.0,1,2520,1080
motorola,127.15271890517138,6.5,0,tiger,8.0,2.0,5000.0,1,2,64,6.5,60,1,android,13.0,5.0,1,1600,720
motorola,109.26486617415527,7.0,0,helio,8.0,2.3,5000.0,1,4,64,6.5,90,2,android,16.0,8.0,1,1600,720
motorola,108.98631464212184,7.1,0,helio,8.0,2.3,5000.0,1,4,64,6.5,90,2,android,50.0,8.0,1,1600,720
motorola,96.76638004117719,6.5,0,helio,8.0,1.8,5000.0,1,3,32,6.5,90,3,android,16.0,8.0,1,1600,720
motorola,107.29078357757055,6.7,0,helio,8.0,1.8,5000.0,1,4,64,6.5,90,3,android,16.0,8.0,1,1600,720
motorola,96.87537846675549,7.1,0,tiger,8.0,1.8,5000.0,0,4,64,6.5,90,3,android,48.0,8.0,1,1600,720
motorola,387.42884824996975,8.4,1,snapdragon,8.0,2.2,4020.0,1,8,128,6.28,120,2,android,64.0,32.0,0,2400,1080
motorola,290.5413588470389,8.5,1,snapdragon,8.0,2.9,5000.0,1,6,128,6.8,144,3,android,108.0,16.0,0,2460,1080
motorola,423.76165677606883,8.3,1,snapdragon,8.0,3.0,5000.0,1,8,128,6.67,120,3,android,64.0,16.0,0,2460,1080
motorola,726.5350611602278,7.825824800910125,1,snapdragon,8.0,3.2,4450.0,1,8,128,6.67,144,3,android,200.0,60.0,0,2340,1080
motorola,242.09761414557346,8.2,1,snapdragon,8.0,2.2,5000.0,1,6,128,6.67,60,3,android,48.0,16.0,1,2400,1080
motorola,193.76286786968635,7.5,0,helio,8.0,2.0,5000.0,1,4,128,6.5,90,3,android,50.0,8.0,1,1600,720
motorola,115.04178272980502,7.5,0,helio,8.0,2.3,5000.0,1,4,64,6.53,90,4,android,50.0,16.0,1,1600,720
motorola,242.20661257115177,7.7,0,helio,8.0,2.0,5000.0,1,4,128,6.5,90,3,android,50.0,16.0,1,1600,720
motorola,121.0972508174882,7.5,0,helio,8.0,2.0,5000.0,1,4,64,6.47,60,3,android,50.0,13.0,1,2400,1080
motorola,145.31912316822093,7.8,0,helio,8.0,2.0,5000.0,1,6,128,6.47,60,3,android,50.0,13.0,1,2400,1080
motorola,127.15271890517138,7.5,0,snapdragon,8.0,2.4,5000.0,1,4,64,6.55,90,3,android,50.0,16.0,1,2400,1080
motorola,175.5964636066368,7.7,0,snapdragon,8.0,2.3,6000.0,1,4,64,6.78,120,3,android,64.0,16.0,1,2460,1080
motorola,133.20818699285456,7.8,0,snapdragon,8.0,2.4,5000.0,1,4,64,6.47,60,3,android,50.0,16.0,1,2400,1080
motorola,157.43005934358726,7.7,1,snapdragon,8.0,2.2,5000.0,0,4,64,6.8,120,3,android,50.0,13.0,1,2400,1080
motorola,145.31912316822093,7.5,0,snapdragon,8.0,2.4,5000.0,1,4,64,6.6,90,3,android,50.0,16.0,1,1080,2460
motorola,157.43005934358726,7.9,0,snapdragon,8.0,2.4,5000.0,1,6,128,6.6,90,3,android,50.0,16.0,1,1080,2460
motorola,205.8738040450527,7.6,1,snapdragon,8.0,2.2,5000.0,1,4,64,6.6,90,3,android,50.0,16.0,1,1080,2460
motorola,266.4284849218845,7.9,1,snapdragon,8.0,2.2,5000.0,1,4,128,6.5,120,2,android,50.0,16.0,1,1600,720
motorola,193.76286786968635,8.4,0,snapdragon,8.0,2.3,6000.0,1,6,128,6.78,120,3,android,108.0,32.0,1,2460,1080
motorola,199.81833595736953,8.4,1,snapdragon,8.0,2.2,5000.0,1,8,128,6.55,120,3,android,50.0,16.0,1,2400,1080
motorola,181.65193169431998,8.1,1,snapdragon,8.0,2.2,5000.0,1,6,128,6.55,120,3,android,50.0,16.0,1,2400,1080
motorola,205.8738040450527,8.0,1,snapdragon,8.0,2.2,5000.0,1,6,128,6.4,60,3,android,50.0,16.0,0,2400,1080
motorola,242.09761414557346,8.1,1,snapdragon,8.0,2.2,5000.0,1,6,128,6.5,120,3,android,108.0,16.0,0,2400,1080
motorola,193.76286786968635,8.3,0,helio,8.0,2.2,5000.0,1,6,128,6.55,120,3,android,108.0,16.0,1,2400,1080
motorola,314.87222962334994,8.5,1,dimensity,8.0,2.2,5000.0,1,8,256,6.5,120,2,android,50.0,16.0,1,2400,1080
motorola,248.26208065883495,8.6,1,snapdragon,8.0,2.2,5000.0,1,8,128,6.6,120,3,android,50.0,16.0,1,2400,1080
motorola,230.0956763957854,8.3,1,snapdragon,8.0,2.2,5000.0,1,6,128,6.6,120,3,android,50.0,16.0,1,2400,1080
motorola,242.09761414557346,8.0,1,snapdragon,8.0,2.2,5000.0,1,6,128,6.8,60,3,android,108.0,32.0,1,2400,1080
motorola,290.5413588470389,8.3,1,snapdragon,8.0,2.9,4400.0,1,8,128,6.55,144,3,android,50.0,32.0,0,2460,1080
motorola,508.5382100036333,7.825824800910125,1,snapdragon,8.0,3.2,4450.0,1,8,128,6.67,144,3,android,200.0,60.0,0,2400,1080
motorola,484.4253360784789,8.9,1,snapdragon,8.0,3.2,4600.0,1,8,128,6.7,165,3,android,50.0,60.0,0,2400,1080
motorola,236.15114448346858,8.0,0,snapdragon,8.0,2.2,5000.0,1,6,128,6.5,60,4,android,64.0,16.0,1,2340,1080
motorola,139.15465665495944,6.8,0,helio,8.0,2.0,4000.0,1,4,64,6.2,60,3,android,13.0,8.0,1,1520,720
motorola,605.4256994065641,8.9,1,snapdragon,8.0,3.2,5000.0,1,8,128,6.6,144,3,android,50.0,32.0,0,2400,1080
nokia,63.570303984498004,7.825824800910125,0,unisoc,8.0,1.6,3000.0,0,2,16,5.45,60,1,android,5.0,5.0,1,1440,720
nokia,108.98631464212184,6.4,0,unisoc,8.0,1.6,5050.0,0,4,64,6.52,60,2,android,13.0,5.0,1,1600,720
nokia,115.04178272980502,6.2,0,unisoc,8.0,1.6,5050.0,1,3,32,6.74,60,3,android,13.0,5.0,1,1600,720
nokia,127.15271890517138,7.0,0,unisoc,8.0,1.6,5000.0,1,4,64,6.52,90,2,android,50.0,8.0,1,1600,720
nokia,145.31912316822093,7.1,0,unisoc,8.0,1.6,5050.0,1,4,64,6.5,90,3,android,50.0,8.0,1,1600,720
nokia,163.48552743127044,7.5,0,unisoc,8.0,1.6,5050.0,1,6,128,6.5,90,3,android,50.0,8.0,1,1600,720
nokia,345.13745912559045,8.1,1,snapdragon,8.0,2.2,4500.0,1,6,128,6.58,120,3,android,50.0,8.0,1,2400,1080
nokia,569.2018893060434,7.825824800910125,1,snapdragon,8.0,3.0,6000.0,1,12,256,6.9,120,1,android,200.0,32.0,1,3200,1400
nokia,217.87574179484076,8.2,1,snapdragon,8.0,2.0,4470.0,1,6,128,6.67,60,4,android,48.0,16.0,1,2400,1080
nokia,508.5382100036333,8.5,1,snapdragon,8.0,2.2,4200.0,1,6,128,6.43,90,2,android,50.0,16.0,1,2400,1080
nokia,423.87065520164714,7.6,1,snapdragon,7.772073921971253,2.427217484008529,6000.0,1,6,64,6.81,60,4,android,108.0,32.0,1,2400,1080
nokia,484.3163376529006,8.7,1,snapdragon,8.0,3.2,6000.0,1,6,128,6.51,144,4,other,200.0,16.0,1,2400,1080
nokia,605.4256994065641,7.825824800910125,1,snapdragon,8.0,3.2,6000.0,1,8,128,6.51,144,4,android,200.0,32.0,1,2408,1080
nothing,323.95543175487467,8.5,1,snapdragon,8.0,2.5,4500.0,1,8,128,6.55,120,2,android,50.0,16.0,0,2400,1080
nothing,435.9815913770135,8.7,1,snapdragon,8.0,2.5,4500.0,1,12,256,6.55,120,2,android,50.0,16.0,0,2400,1080
nothing,342.12183601792424,8.6,1,snapdragon,8.0,2.5,4500.0,1,8,256,6.55,120,2,android,50.0,16.0,0,2400,1080
nothing,302.65229502240527,8.0,1,snapdragon,8.0,2.5,5000.0,1,6,128,6.55,120,2,android,50.0,16.0,0,2400,1080
nothing,484.3163376529006,8.8,1,snapdragon,8.0,3.2,4700.0,1,8,128,6.67,120,3,android,50.0,32.0,0,2400,1080
nubia,544.9800169553107,8.4,1,snapdragon,8.0,2.9,5050.0,1,8,128,6.8,165,3,android,64.0,8.0,0,2400,1080
nubia,738.6459973355941,8.6,1,snapdragon,8.0,3.2,5000.0,1,12,256,6.8,120,3,android,64.0,8.0,0,2400,1080
nubia,569.0928908804651,8.4,1,snapdragon,8.0,3.2,6000.0,1,8,128,6.8,120,3,android,50.0,16.0,0,2480,1116
nubia,738.7549957611724,8.6,1,snapdragon,8.0,3.2,5000.0,1,12,256,6.8,120,3,android,50.0,16.0,0,2480,1116
nubia,605.4256994065641,8.4,1,snapdragon,8.0,3.0,5000.0,1,8,128,6.67,144,3,android,64.0,16.0,0,2400,1080
nubia,423.87065520164714,8.2,1,snapdragon,8.0,3.2,5000.0,1,8,128,6.67,144,3,android,64.0,16.0,0,2400,1080
oneplus,738.7549957611724,8.9,1,snapdragon,8.0,3.0,5000.0,1,8,128,6.7,120,3,android,50.0,32.0,0,3216,1440
oneplus,793.254208550321,7.825824800910125,1,snapdragon,8.0,3.0,5000.0,1,12,256,6.7,120,3,android,50.0,32.0,0,3216,1440
oneplus,399.6487828509144,8.6,1,dimensity,8.0,2.85,5000.0,1,8,128,6.7,120,3,android,50.0,16.0,0,2412,1080
oneplus,448.09252755237986,8.7,1,dimensity,8.0,2.85,5000.0,1,12,256,6.7,120,3,android,50.0,16.0,0,2412,1080
oneplus,428.59392031004,8.5,1,dimensity,8.0,2.85,5000.0,1,8,128,6.7,120,3,android,50.0,16.0,0,2412,1080
oneplus,544.9800169553107,8.5,1,snapdragon,8.0,3.2,4800.0,1,8,128,6.7,120,3,android,50.0,16.0,0,2412,1080
oneplus,617.6456340075089,8.7,1,snapdragon,8.0,3.2,4800.0,1,12,256,6.7,120,3,android,50.0,16.0,0,2412,1080
oneplus,678.2003148843406,8.7,1,snapdragon,8.0,3.2,4800.0,1,16,256,6.7,120,3,android,50.0,16.0,0,2412,1080
oneplus,666.0893787089742,8.9,1,snapdragon,8.0,3.2,5000.0,1,12,256,6.7,120,3,android,50.0,16.0,0,3216,1440
oneplus,484.4253360784789,8.5,1,snapdragon,8.0,3.2,5000.0,1,8,128,6.7,120,3,android,50.0,16.0,0,2412,1080
oneplus,339.0941019740826,7.7,0,snapdragon,8.0,2.8,3300.0,0,8,128,6.28,60,2,android,20.0,16.0,0,2280,1080
oneplus,784.7886641637399,8.9,1,snapdragon,8.0,2.84,4500.0,1,8,128,6.7,120,4,android,48.0,16.0,0,3216,1440
oneplus,520.758144604578,8.5,1,snapdragon,8.0,2.84,4500.0,1,8,128,6.62,120,3,android,50.0,16.0,0,2400,1080
oneplus,544.9800169553107,8.6,1,snapdragon,8.0,2.84,4500.0,1,8,128,6.55,120,4,android,108.0,16.0,0,2400,1080
oneplus,423.87065520164714,8.4,1,snapdragon,8.0,3.2,5000.0,1,8,128,6.7,120,3,android,50.0,16.0,0,2412,1080
oneplus,351.09603972387066,8.4,1,dimensity,8.0,2.85,4500.0,1,8,128,6.7,120,3,android,50.0,16.0,0,2412,1080
oneplus,581.2038270558314,8.6,1,snapdragon,8.0,3.2,4800.0,1,12,256,6.7,120,3,android,50.0,16.0,0,2412,1080
oneplus,278.43042267167255,8.3,1,dimensity,8.0,2.85,5000.0,1,8,128,6.59,120,3,android,64.0,16.0,0,2412,1080
oneplus,181.65193169431998,6.9,0,snapdragon,8.0,1.8,6000.0,1,4,64,6.52,60,3,android,13.0,8.0,1,1560,720
oneplus,278.53942109725085,8.3,1,snapdragon,8.0,2.2,5000.0,1,8,128,6.59,120,3,android,64.0,16.0,1,2412,1080
oneplus,410.5607363449195,8.5,1,dimensity,8.0,3.0,4500.0,1,12,256,6.43,90,3,android,50.0,32.0,0,2400,1080
oneplus,351.20503814944897,8.4,1,dimensity,8.0,3.0,4500.0,1,8,128,6.43,90,3,android,50.0,32.0,0,2400,1080
oneplus,339.0941019740826,8.4,1,dimensity,8.0,3.1,4200.0,1,8,128,6.43,90,3,android,50.0,32.0,0,2400,1080
oneplus,363.206975899237,8.4,1,dimensity,8.0,3.0,4500.0,1,8,128,6.43,90,3,android,50.0,32.0,0,2400,1080
oneplus,363.31597432481533,8.3,1,snapdragon,8.0,2.36,4500.0,1,8,128,6.43,120,3,android,50.0,32.0,0,2412,1080
oneplus,423.87065520164714,7.6,1,dimensity,8.0,2.427217484008529,5000.0,1,8,128,6.57,120,3,android,64.0,32.0,0,2400,1080
oneplus,242.0855032093981,8.1,1,snapdragon,8.0,2.2,5000.0,1,6,128,6.59,120,3,android,64.0,16.0,1,2412,1080
oneplus,266.38004117718305,8.4,1,snapdragon,8.0,2.2,5000.0,1,8,128,6.59,120,3,android,64.0,16.0,1,2412,1080
oneplus,302.7612934479836,8.5,1,snapdragon,8.0,2.2,5000.0,1,8,256,6.59,120,3,android,64.0,16.0,1,2412,1080
oneplus,266.4284849218845,8.3,1,snapdragon,8.0,2.2,5000.0,1,6,128,6.7,120,3,android,108.0,16.0,1,2412,1080
oneplus,230.0956763957854,8.1,1,snapdragon,8.0,2.2,5000.0,1,6,128,6.59,120,3,android,50.0,16.0,1,2412,1080
oneplus,242.20661257115177,7.7,0,snapdragon,8.0,2.0,4300.0,1,8,128,6.55,90,3,android,48.0,16.0,0,2400,1080
oneplus,309.9794114085019,8.1,1,snapdragon,8.0,2.0,4300.0,1,6,128,6.49,90,4,android,64.0,16.0,1,2400,1080
oneplus,205.7648056194744,6.8,0,snapdragon,8.0,1.8,5000.0,1,4,64,6.52,90,3,android,13.0,8.0,1,1600,720
oneplus,254.20855032093982,8.1,1,snapdragon,8.0,2.2,4500.0,1,6,128,6.43,60,3,android,64.0,16.0,1,2400,1080
oneplus,205.7648056194744,7.5,1,snapdragon,8.0,2.0,5000.0,1,4,64,6.49,90,3,android,13.0,16.0,1,2400,1080
oneplus,229.98667797020713,7.5,1,dimensity,8.0,2.4,5000.0,1,4,64,6.56,90,2,android,48.0,16.0,1,1612,720
oneplus,242.20661257115177,7.3,0,snapdragon,8.0,2.0,4500.0,1,4,64,6.3,60,4,android,48.0,13.0,1,2400,1080
oneplus,302.7612934479836,7.9,0,snapdragon,8.0,2.4,4300.0,1,8,128,6.55,90,3,android,64.0,16.0,0,2400,1080
oppo,254.20855032093982,8.4,1,snapdragon,8.0,2.2,4800.0,1,8,128,6.7,120,2,android,108.0,16.0,1,2412,1080
oppo,120.98825239190991,6.4,0,helio,8.0,1.8,4230.0,0,3,32,6.22,60,2,android,13.0,5.0,1,720,1520
oppo,121.0972508174882,6.6,0,helio,8.0,2.3,4230.0,0,3,32,6.52,60,3,android,13.0,5.0,1,1600,720
oppo,139.15465665495944,7.2,0,helio,8.0,2.3,4230.0,0,4,128,6.52,60,3,android,13.0,8.0,1,1600,720
oppo,145.31912316822093,6.9,0,helio,8.0,2.3,5000.0,0,4,64,6.52,60,3,android,13.0,8.0,1,1600,720
oppo,108.98631464212184,6.5,0,helio,8.0,2.0,4230.0,0,3,32,6.52,60,1,android,13.0,5.0,1,1600,720
oppo,108.98631464212184,6.8,0,helio,8.0,2.0,4230.0,0,4,64,6.52,60,1,android,13.0,5.0,1,1600,720
oppo,133.20818699285456,6.6,0,helio,8.0,2.3,4230.0,0,4,64,6.52,60,1,android,13.0,5.0,1,1600,720
oppo,151.3745912559041,7.2,0,helio,8.0,2.3,5000.0,1,4,64,6.56,60,2,android,50.0,5.0,1,1612,720
oppo,115.04178272980502,6.2,0,helio,8.0,2.3,5000.0,0,3,64,6.56,60,1,android,8.0,5.0,1,1612,720
oppo,151.2655928303258,7.2,0,helio,8.0,2.3,4230.0,0,6,128,6.5,60,3,android,12.0,8.0,1,1600,720
oppo,169.43199709337534,7.0,0,snapdragon,8.0,1.8,5000.0,1,6,128,6.5,90,3,android,13.0,16.0,1,720,1600
oppo,147.7413104032942,7.0,0,helio,8.0,2.3,5000.0,1,4,64,6.51,60,3,android,13.0,16.0,1,720,1600
oppo,145.21012474264262,7.1,0,helio,8.0,2.3,5000.0,1,4,128,6.51,60,3,android,13.0,16.0,1,720,1600
oppo,181.65193169431998,7.4,0,helio,8.0,2.3,5000.0,1,6,128,6.51,60,3,android,13.0,16.0,1,720,1600
oppo,163.48552743127044,7.3,0,helio,8.0,2.3,5000.0,1,4,64,6.51,60,3,android,50.0,16.0,1,1600,720
oppo,178.03076177788546,7.6,0,helio,8.0,2.3,5000.0,1,6,128,6.51,60,3,android,50.0,16.0,1,1600,720
oppo,217.87574179484076,7.4,1,dimensity,8.0,2.2,5000.0,0,6,128,6.5,60,3,android,13.0,8.0,1,1600,720
oppo,217.87574179484076,7.3,1,dimensity,8.0,2.2,5000.0,0,6,128,6.5,60,2,android,13.0,8.0,1,1600,720
oppo,157.43005934358726,7.5,1,dimensity,8.0,2.4,5000.0,0,8,128,6.56,60,2,android,13.0,8.0,1,1612,720
oppo,145.21012474264262,6.7,0,helio,8.0,2.3,5000.0,1,3,64,6.56,60,2,android,13.0,8.0,1,1612,720
oppo,169.17766743369265,6.9,0,helio,8.0,2.3,5000.0,1,4,64,6.56,60,2,android,13.0,8.0,1,1612,720
oppo,229.98667797020713,7.6,1,dimensity,8.0,2.2,5000.0,1,6,128,6.56,90,2,android,50.0,8.0,1,1612,720
oppo,169.43199709337534,7.2,1,dimensity,8.0,2.2,5000.0,1,6,128,6.56,90,2,android,13.0,8.0,1,1612,720
oppo,193.65386944410804,6.2,0,helio,8.0,2.5,3200.0,0,3,32,6.0,60,1,android,13.0,16.0,1,2160,1080
oppo,187.59840135642486,7.7,1,snapdragon,8.0,2.0,5000.0,1,6,128,6.5,90,3,android,48.0,8.0,1,2400,1080
oppo,199.70933753179122,7.3,0,snapdragon,8.0,2.4,5000.0,1,6,128,6.56,90,2,android,13.0,8.0,1,1612,720
oppo,187.70739978200317,7.0,0,helio,8.0,2.3,5000.0,1,4,64,6.56,60,2,android,50.0,8.0,1,1600,720
oppo,193.75075693351098,7.1,0,helio,8.0,2.3,5000.0,1,4,128,6.56,60,2,android,50.0,8.0,1,1600,720
oppo,266.3194864963062,7.6,1,snapdragon,8.0,2.4,5000.0,1,6,128,6.56,90,2,android,48.0,8.0,1,1600,720
oppo,217.98474022041907,7.6,0,snapdragon,8.0,2.4,5000.0,1,8,128,6.56,90,2,android,50.0,8.0,1,1600,720
oppo,230.0956763957854,7.9,1,dimensity,8.0,2.2,5000.0,1,8,128,6.56,90,2,android,50.0,8.0,1,1612,720
oppo,217.98474022041907,8.0,0,snapdragon,8.0,2.4,5000.0,1,8,128,6.59,90,2,android,50.0,16.0,1,2412,1080
oppo,278.43042267167255,8.2,1,snapdragon,8.0,2.2,4500.0,1,8,256,6.43,60,2,android,48.0,16.0,1,2400,1080
oppo,290.5413588470389,7.9,1,dimensity,8.0,2.4,5000.0,1,12,256,6.56,90,2,android,48.0,8.0,1,2400,1080
oppo,375.3179120746034,8.7,1,snapdragon,8.0,3.0,5000.0,1,8,128,6.7,120,2,android,108.0,16.0,1,2412,1080
oppo,229.98667797020713,8.3,0,helio,8.0,2.2,4015.0,1,8,128,6.43,60,4,android,48.0,16.0,1,2400,1080
oppo,181.54293326874168,7.8,0,snapdragon,8.0,2.0,5000.0,1,6,128,6.4,60,3,android,48.0,16.0,1,2400,1080
oppo,217.92418553954224,8.0,0,helio,8.0,2.2,4310.0,1,8,128,6.43,60,4,android,48.0,16.0,1,2400,1080
oppo,242.09761414557346,8.2,1,dimensity,8.0,2.4,4310.0,1,8,128,6.43,60,4,android,48.0,16.0,1,2400,1080
oppo,193.62964757175732,7.9,0,snapdragon,8.0,2.0,5000.0,1,6,128,6.43,60,3,android,48.0,16.0,1,2400,1080
oppo,254.31754874651813,8.2,0,snapdragon,8.0,2.4,4500.0,1,8,128,6.5,90,3,android,64.0,32.0,1,2400,1080
oppo,314.50890153808894,8.2,1,snapdragon,8.0,2.2,4500.0,1,8,128,6.43,60,3,android,64.0,16.0,1,2400,1080
oppo,313.6126922611118,8.2,1,snapdragon,8.0,2.2,4500.0,1,8,128,6.43,60,3,android,64.0,16.0,1,2400,1080
oppo,265.21739130434787,8.2,0,snapdragon,8.0,2.4,4500.0,1,8,128,6.43,90,3,android,64.0,32.0,1,2400,1080
oppo,334.98849461063344,8.3,1,snapdragon,8.0,2.2,4800.0,1,8,128,6.58,120,3,android,64.0,32.0,1,2400,1080
oppo,242.09761414557346,8.2,1,snapdragon,8.0,2.2,4500.0,1,8,128,6.5,90,3,android,64.0,32.0,1,2400,1080
oppo,338.98510354850436,8.3,1,snapdragon,8.0,2.36,4500.0,1,8,128,6.43,90,4,android,50.0,16.0,1,2460,1080
oppo,617.5366355819306,7.825824800910125,1,snapdragon,8.0,2.84,4500.0,1,12,256,6.7,120,4,android,50.0,32.0,0,3216,1440
oppo,163.37652900569216,7.8,0,snapdragon,8.0,2.4,5000.0,1,6,128,6.59,90,3,android,50.0,16.0,1,2412,1080
oppo,205.7648056194744,8.0,0,snapdragon,8.0,2.4,5000.0,1,8,128,6.59,90,3,android,50.0,16.0,1,2412,1080
oppo,205.8738040450527,7.9,1,dimensity,8.0,2.4,5000.0,1,8,128,6.56,90,2,android,48.0,8.0,1,1612,720
oppo,363.206975899237,8.1,1,snapdragon,8.0,2.84,5000.0,1,8,128,6.62,120,3,android,50.0,16.0,0,2400,1080
oppo,205.7648056194744,7.8,1,snapdragon,8.0,2.2,5000.0,1,6,128,6.59,120,3,android,64.0,16.0,0,2412,1080
oppo,242.09761414557346,8.2,0,snapdragon,8.0,2.2,4000.0,1,8,128,6.4,60,4,android,64.0,32.0,1,2340,1080
oppo,399.6487828509144,8.4,1,snapdragon,8.0,2.5,5000.0,1,8,256,6.73,120,3,android,50.0,32.0,0,2412,1080
oppo,520.6491461789997,8.6,1,dimensity,8.0,3.05,5000.0,1,16,256,6.73,120,2,android,50.0,32.0,0,2412,1080
oppo,714.4241249848614,8.8,1,snapdragon,8.0,3.2,4700.0,1,12,256,6.73,120,4,android,64.0,32.0,0,2412,1080
oppo,363.206975899237,8.3,1,snapdragon,8.0,2.4,4300.0,1,8,128,6.43,60,4,android,64.0,32.0,0,2400,1080
oppo,468.69322998667803,8.4,1,dimensity,8.0,2.6,4350.0,1,8,128,6.53,90,4,android,64.0,32.0,0,2400,1080
oppo,278.43042267167255,8.0,1,snapdragon,8.0,2.4,4000.0,1,6,128,6.5,90,4,android,64.0,16.0,1,2400,1080
oppo,319.4864963061645,8.3,1,dimensity,8.0,2.0,4300.0,1,8,128,6.43,90,3,android,64.0,32.0,0,2400,1080
oppo,445.19801380646726,8.7,1,dimensity,8.0,3.0,4500.0,1,12,256,6.55,90,4,android,64.0,32.0,0,2400,1080
oppo,544.8710185297324,8.7,1,snapdragon,8.0,3.2,4500.0,1,8,128,6.55,90,4,android,50.0,32.0,0,2400,1080
oppo,399.5397844253361,8.4,1,dimensity,8.0,3.0,4500.0,1,8,128,6.43,90,3,android,50.0,32.0,0,2400,1080
oppo,520.6491461789997,8.5,1,dimensity,8.0,2.85,4500.0,1,8,256,6.7,120,3,android,50.0,32.0,0,2412,1080
oppo,557.090953130677,8.6,1,dimensity,8.0,2.85,4500.0,1,12,256,6.7,120,3,android,50.0,32.0,0,2412,1080
oppo,557.090953130677,8.6,1,dimensity,8.0,2.85,4500.0,1,12,256,6.7,120,3,android,50.0,32.0,0,2412,1080
oppo,326.874167373138,8.6,1,snapdragon,8.0,2.2,4500.0,1,8,256,6.43,60,3,android,64.0,16.0,1,2400,1080
oppo,363.206975899237,8.7,1,snapdragon,8.0,2.2,5000.0,1,8,256,6.67,120,3,android,108.0,16.0,1,2400,1080
oppo,242.20661257115177,8.3,0,helio,8.0,2.2,5000.0,1,8,256,6.67,120,3,android,50.0,16.0,1,2400,1080
oppo,345.1495700617658,8.3,1,snapdragon,8.0,2.4,4500.0,1,8,256,6.7,120,2,android,64.0,32.0,0,2412,1080
oppo,484.4253360784789,8.6,1,dimensity,8.0,2.85,4500.0,1,16,256,6.7,120,2,android,50.0,32.0,0,2412,1080
oppo,557.090953130677,8.6,1,snapdragon,8.0,3.2,4700.0,1,16,256,6.7,120,3,android,50.0,32.0,0,2412,1080
oppo,278.43042267167255,8.4,1,snapdragon,8.0,2.2,4800.0,1,8,128,6.58,120,3,android,50.0,32.0,1,2400,1080
oppo,314.8116749424731,8.5,1,dimensity,8.0,2.0,4500.0,1,8,256,6.43,90,3,android,64.0,32.0,1,2400,1080
oppo,387.47729199467125,8.7,1,dimensity,8.0,3.0,4500.0,1,12,256,6.55,90,3,android,50.0,32.0,1,2400,1080
oppo,217.98474022041907,8.4,1,snapdragon,8.0,2.2,4500.0,1,8,128,6.43,60,3,android,64.0,16.0,1,2400,1080
oppo,355.3348673852489,8.3,1,dimensity,8.0,3.0,4500.0,1,8,128,6.43,90,3,android,50.0,32.0,0,2400,1080
oukitel,363.206975899237,8.4,0,helio,8.0,2.0,21000.0,1,8,256,6.78,60,3,android,64.0,16.0,1,2400,1080
oukitel,278.43042267167255,8.2,0,helio,8.0,2.2,9800.0,1,12,256,6.78,120,3,Not Defined,64.0,16.58974358974359,0,2400,1080
oukitel,313.66113600581326,7.2,0,helio,8.0,2.0,8000.0,0,6,128,5.86,60,3,android,16.0,8.0,1,1520,720
poco,78.70897420370595,6.5,0,helio,8.0,2.3,5000.0,0,3,32,6.53,60,3,android,13.0,5.0,1,1600,720
poco,90.81991037907231,6.8,0,helio,8.0,2.3,5000.0,0,4,64,6.53,60,3,android,13.0,5.0,1,1600,720
poco,78.70897420370595,7.825824800910125,0,helio,4.0,2.0,5000.0,1,2,32,6.52,60,2,android,8.0,5.0,1,1600,720
poco,88.39772314399904,6.1,0,helio,4.0,2.0,5000.0,1,3,32,6.52,60,2,android,8.0,5.0,1,1600,720
poco,96.87537846675549,7.0,0,helio,8.0,2.0,5000.0,0,4,64,6.71,60,2,android,50.0,5.0,1,1650,720
poco,399.6487828509144,7.9,1,dimensity,8.0,3.0,5065.0,1,6,128,6.67,120,3,android,64.0,16.0,0,2400,1080
poco,363.31597432481533,8.6,1,snapdragon,8.0,3.2,4500.0,1,12,256,6.67,120,3,android,64.0,20.0,0,2400,1080
poco,314.87222962334994,8.2,1,snapdragon,8.0,3.2,4500.0,1,6,128,6.67,120,3,android,64.0,20.0,0,2400,1080
poco,339.0941019740826,8.5,1,snapdragon,8.0,3.2,4500.0,1,8,128,6.67,120,3,android,64.0,20.0,0,2400,1080
poco,484.4253360784789,8.6,1,snapdragon,8.0,3.0,4700.0,1,8,128,6.67,120,3,android,64.0,20.0,0,2400,1080
poco,423.76165677606883,8.5,1,snapdragon,8.0,3.2,4700.0,1,8,128,6.7,120,3,android,64.0,32.0,0,2400,1080
poco,520.758144604578,8.6,1,dimensity,8.0,3.0,4500.0,1,8,128,6.67,120,3,android,64.0,20.0,0,2412,1080
poco,363.31597432481533,8.4,1,snapdragon,8.0,3.2,5500.0,1,8,128,6.67,120,3,android,64.0,16.0,0,3200,1440
poco,131.88809494973964,7.4,0,helio,8.0,2.0,5000.0,1,6,64,6.53,60,4,android,13.0,8.0,1,2340,1080
poco,155.007872108514,7.6,0,snapdragon,8.0,2.3,5000.0,1,4,64,6.67,60,4,android,48.0,16.0,1,2400,1080
poco,139.26365508053775,7.5,0,snapdragon,8.0,2.0,6000.0,1,6,64,6.53,60,3,android,48.0,8.0,1,2340,1080
poco,193.76286786968635,7.5,1,dimensity,8.0,2.2,5000.0,1,4,64,6.5,90,3,android,48.0,8.0,1,2400,1080
poco,179.22974445924672,7.9,1,dimensity,8.0,2.2,5000.0,1,6,128,6.5,90,3,android,48.0,8.0,1,2400,1080
poco,139.26365508053775,7.5,1,dimensity,8.0,2.2,5000.0,1,4,64,6.58,90,2,android,50.0,8.0,1,2400,1080
poco,163.48552743127044,7.9,1,dimensity,8.0,2.2,5000.0,1,6,128,6.58,90,2,android,50.0,8.0,1,2400,1080
poco,145.31912316822093,7.7,0,helio,8.0,2.05,5000.0,1,6,64,6.43,90,3,android,64.0,16.0,1,2400,1080
poco,157.43005934358726,7.9,0,helio,8.0,2.05,5000.0,1,6,128,6.43,90,3,android,64.0,16.0,1,2400,1080
poco,169.54099551895362,8.1,0,helio,8.0,2.05,5000.0,1,8,128,6.43,90,3,android,64.0,16.0,1,2400,1080
poco,157.43005934358726,7.6,1,dimensity,8.0,2.4,5000.0,1,4,64,6.6,90,2,android,50.0,16.0,1,2400,1080
poco,181.65193169431998,8.1,1,dimensity,8.0,2.4,5000.0,1,6,128,6.6,90,2,android,50.0,16.0,1,2400,1080
poco,193.76286786968635,8.2,1,dimensity,8.0,2.4,5000.0,1,8,128,6.6,90,2,android,50.0,16.0,1,2400,1080
poco,130.7859997577813,7.4,0,helio,8.0,2.2,5000.0,1,4,64,6.58,90,3,android,50.0,8.0,1,2400,1080
poco,175.5964636066368,7.7,0,helio,8.0,2.2,5000.0,1,6,128,6.58,90,3,android,50.0,8.0,1,2400,1080
poco,242.09761414557346,8.4,1,dimensity,8.0,2.5,5100.0,1,8,128,6.73,120,3,android,108.0,32.0,1,2400,1080
poco,163.48552743127044,8.0,0,snapdragon,8.0,2.3,6000.0,1,6,64,6.67,120,4,android,64.0,20.0,1,2400,1080
poco,237.9798958459489,8.2,0,snapdragon,8.0,2.96,5160.0,1,6,128,6.67,120,4,android,48.0,20.0,1,2400,1080
poco,181.54293326874168,7.9,1,dimensity,8.0,2.2,5000.0,1,6,128,6.67,120,3,android,50.0,16.0,1,2400,1080
poco,302.65229502240527,8.4,1,dimensity,8.0,2.85,5080.0,1,8,128,6.6,144,3,android,64.0,16.0,0,2460,1080
poco,351.09603972387066,8.5,1,dimensity,8.0,2.85,5080.0,1,8,256,6.6,144,3,android,64.0,16.0,0,2460,1080
poco,181.65193169431998,8.0,1,snapdragon,8.0,2.2,5000.0,1,6,64,6.67,120,3,android,64.0,16.0,1,2400,1080
poco,199.81833595736953,8.2,1,snapdragon,8.0,2.2,5000.0,1,6,128,6.67,120,3,android,64.0,16.0,1,2400,1080
poco,217.98474022041907,8.4,1,snapdragon,8.0,2.2,5000.0,1,8,128,6.67,120,3,android,64.0,16.0,1,2400,1080
poco,181.65193169431998,7.4,1,snapdragon,8.0,2.2,5000.0,1,4,128,6.67,120,3,android,48.0,8.0,0,2400,1080
poco,363.206975899237,8.4,1,dimensity,8.0,3.2,5000.0,1,8,128,6.7,144,3,android,64.0,32.0,0,2400,1080
poco,254.31754874651813,8.1,1,snapdragon,8.0,2.4,5000.0,1,6,128,6.67,120,3,android,108.0,16.0,0,2400,1080
poco,242.20661257115177,7.2,1,snapdragon,8.0,2.427217484008529,5000.0,1,6,128,6.67,120,4,android,64.0,32.0,1,2400,1080
realme,169.54099551895362,7.4,0,helio,8.0,2.2,5000.0,1,4,64,6.4,90,2,android,50.0,16.0,1,2400,1080
realme,205.8738040450527,7.9,0,helio,8.0,2.2,5000.0,1,8,128,6.4,90,2,android,50.0,16.0,1,2400,1080
realme,175.5964636066368,7.9,1,dimensity,8.0,2.2,5000.0,1,8,128,6.6,90,3,android,50.0,8.0,1,2408,1080
realme,230.0956763957854,8.2,1,snapdragon,8.0,2.2,5000.0,1,6,128,6.72,120,2,android,108.0,16.0,1,2400,1080
realme,242.20661257115177,8.4,1,snapdragon,8.0,2.2,5000.0,1,8,128,6.72,120,2,android,108.0,16.0,1,2400,1080
realme,302.7612934479836,8.2,1,dimensity,8.0,2.6,5000.0,1,6,128,6.7,120,3,android,108.0,16.0,0,2412,1080
realme,339.0941019740826,8.5,1,dimensity,8.0,2.6,5000.0,1,8,256,6.7,120,3,android,108.0,16.0,0,2412,1080
realme,157.43005934358726,8.0,1,dimensity,8.0,2.4,5000.0,1,8,128,6.6,90,2,android,50.0,8.0,1,2408,1080
realme,351.20503814944897,8.2,1,snapdragon,8.0,3.0,5000.0,1,6,128,6.4,120,3,android,64.0,32.0,1,2400,1080
realme,302.7612934479836,7.8,1,dimensity,8.0,2.2,4200.0,1,6,128,6.4,90,3,android,50.0,16.0,0,2400,1080
realme,157.30894998183362,7.7,0,helio,8.0,2.05,4300.0,1,6,64,6.5,90,4,android,64.0,16.0,1,2400,1080
realme,175.4874651810585,8.0,0,snapdragon,8.0,2.3,4300.0,1,6,64,6.6,90,4,android,64.0,16.0,1,2400,1080
realme,266.4284849218845,8.5,0,snapdragon,8.0,2.3,4500.0,1,8,128,6.4,60,4,android,64.0,32.0,1,2400,1080
realme,193.76286786968635,7.8,0,helio,8.0,2.0,5000.0,1,4,128,6.4,60,4,android,64.0,16.0,1,2400,1080
realme,217.98474022041907,8.3,0,helio,8.0,2.0,5000.0,1,8,128,6.4,60,4,android,64.0,16.0,1,2400,1080
realme,199.81833595736953,7.5,1,dimensity,8.0,2.2,5000.0,1,4,128,6.5,90,3,android,48.0,16.0,1,2400,1080
realme,224.04020830810222,8.0,1,dimensity,8.0,2.2,5000.0,1,8,128,6.5,90,3,android,48.0,16.0,1,2400,1080
realme,151.3745912559041,7.4,0,helio,8.0,2.05,5000.0,1,4,64,6.6,120,3,android,50.0,16.0,1,2412,1080
realme,169.54099551895362,7.7,0,helio,8.0,2.05,5000.0,1,6,128,6.6,120,3,android,50.0,16.0,1,2412,1080
realme,217.98474022041907,8.0,1,dimensity,8.0,2.4,5000.0,1,6,128,6.5,90,3,android,64.0,16.0,1,2400,1080
realme,211.9292721327359,8.2,1,dimensity,8.0,2.4,5000.0,1,8,128,6.5,90,3,android,64.0,16.0,1,2400,1080
realme,181.65193169431998,8.1,0,snapdragon,8.0,2.4,5000.0,1,6,128,6.4,90,3,android,108.0,16.0,1,2400,1080
realme,193.76286786968635,8.4,0,snapdragon,8.0,2.4,5000.0,1,8,128,6.4,90,3,android,108.0,16.0,1,2400,1080
realme,169.54099551895362,7.5,1,dimensity,8.0,2.4,5000.0,1,4,64,6.5,90,3,android,48.0,16.0,1,2400,1080
realme,187.70739978200317,7.9,1,dimensity,8.0,2.4,5000.0,1,6,128,6.5,90,3,android,48.0,16.0,1,2400,1080
realme,230.0956763957854,8.0,1,snapdragon,8.0,2.4,5000.0,1,6,128,6.6,144,3,android,48.0,16.0,1,2412,1080
realme,278.5273101610755,8.2,1,snapdragon,8.0,2.4,5000.0,1,8,128,6.6,144,3,android,48.0,16.0,1,2412,1080
realme,230.0956763957854,8.0,1,snapdragon,8.0,2.2,5000.0,1,6,128,6.6,120,3,android,64.0,16.0,1,2412,1080
realme,254.31754874651813,8.2,1,snapdragon,8.0,2.2,5000.0,1,8,128,6.6,120,3,android,64.0,16.0,1,2412,1080
realme,313.6732469419886,7.8,1,dimensity,8.0,2.5,4500.0,1,6,128,6.4,90,3,android,50.0,16.0,0,2400,1080
realme,278.478866416374,8.1,1,dimensity,8.0,2.5,4500.0,1,8,128,6.4,90,3,android,50.0,16.0,0,2400,1080
realme,296.64527067942356,8.2,1,dimensity,8.0,2.5,4500.0,1,8,256,6.4,90,3,android,50.0,16.0,0,2400,1080
realme,151.3745912559041,7.5,0,snapdragon,8.0,2.4,5000.0,1,4,64,6.6,90,3,android,50.0,16.0,1,2412,1080
realme,169.54099551895362,7.5,0,snapdragon,8.0,2.4,5000.0,1,4,128,6.6,90,3,android,50.0,16.0,1,2412,1080
realme,181.65193169431998,7.8,0,snapdragon,8.0,2.4,5000.0,1,6,128,6.6,90,3,android,50.0,16.0,1,2412,1080
realme,181.24015986435754,7.5,1,dimensity,8.0,2.4,5000.0,1,4,64,6.6,90,3,android,50.0,8.0,1,2408,1080
realme,205.8738040450527,7.8,1,dimensity,8.0,2.4,5000.0,1,6,128,6.6,90,3,android,50.0,8.0,1,2408,1080
realme,108.98631464212184,7.825824800910125,0,helio,8.0,2.1,4000.0,0,2,16,6.2,60,2,android,13.0,8.0,1,1520,720
realme,78.59997577812766,6.1,0,helio,8.0,2.3,5000.0,0,2,32,6.5,60,2,android,13.0,5.0,1,1600,720
realme,78.70897420370595,6.1,0,sc9863a,8.0,1.6,5000.0,0,2,32,6.52,60,1,android,8.0,5.0,1,1600,720
realme,93.8476444229139,6.1,0,sc9863a,8.0,1.6,5000.0,0,4,64,6.52,60,1,android,8.0,5.0,1,1600,720
realme,84.76444229138913,7.825824800910125,0,helio,8.0,2.0,4000.0,0,2,16,6.1,60,2,android,13.0,5.0,1,720,1560
realme,84.76444229138913,6.2,0,unisoc,8.0,1.8,5000.0,0,3,32,6.5,60,3,android,13.0,5.0,1,1600,720
realme,108.98631464212184,6.9,0,tiger,8.0,1.8,5000.0,1,4,64,6.5,60,3,android,50.0,8.0,1,720,1600
realme,42.376165677606885,6.3,0,helio,8.0,2.0,4000.0,0,3,32,6.1,60,2,android,13.0,5.0,1,1560,720
realme,64.17585079326632,7.825824800910125,0,tiger,8.0,1.82,5000.0,0,2,32,6.5,60,1,android,8.0,5.0,1,1600,720
realme,76.28678696863268,6.0,0,tiger,8.0,1.82,5000.0,0,3,32,6.5,60,1,android,8.0,5.0,1,1600,720
realme,86.53263897299261,7.825824800910125,0,unisoc,8.0,1.6,5000.0,1,2,32,6.5,60,1,android,8.0,5.0,1,1600,720
realme,108.87731621654355,6.2,0,unisoc,8.0,1.6,5000.0,1,4,64,6.5,60,1,android,8.0,5.0,1,1600,720
realme,100.50865931936539,6.2,0,tiger,8.0,1.82,5000.0,0,3,32,6.52,60,3,android,13.0,5.0,1,1600,720
realme,108.98631464212184,6.5,0,tiger,8.0,1.82,5000.0,0,4,64,6.52,60,3,android,13.0,5.0,1,1600,720
realme,115.04178272980502,6.5,0,tiger,8.0,1.82,5000.0,0,4,64,6.52,60,3,android,13.0,5.0,1,1600,720
realme,108.39287876952889,6.4,0,unisoc,8.0,1.8,5000.0,0,3,32,6.5,60,2,android,50.0,5.0,1,1600,720
realme,121.0972508174882,6.7,0,unisoc,8.0,1.8,5000.0,0,4,64,6.5,60,2,android,50.0,5.0,1,1600,720
realme,143.24815308223327,7.0,0,tiger,8.0,1.8,5000.0,1,4,64,6.6,60,3,android,50.0,8.0,1,2408,1080
realme,154.8625408744096,7.1,0,tiger,8.0,1.8,5000.0,1,4,128,6.6,90,3,android,50.0,8.0,1,2408,1080
realme,169.54099551895362,7.4,0,tiger,8.0,1.8,5000.0,1,6,128,6.6,90,3,android,50.0,8.0,1,2408,1080
realme,96.87537846675549,6.4,0,helio,8.0,2.3,6000.0,0,3,32,6.52,60,3,android,13.0,5.0,1,1600,720
realme,351.14448346857216,8.4,1,snapdragon,8.0,2.84,5000.0,1,8,128,6.62,120,3,android,50.0,16.0,0,2400,1080
realme,496.42727382826695,8.6,1,snapdragon,8.0,3.2,5000.0,1,8,128,6.7,120,3,android,50.0,16.0,0,2412,1080
realme,605.0502603851278,8.9,1,snapdragon,8.0,3.0,5000.0,1,8,128,6.7,120,3,android,50.0,32.0,0,3216,1440
realme,569.2018893060434,8.9,1,snapdragon,8.0,3.0,5000.0,1,12,256,6.7,120,3,android,50.0,32.0,0,3216,1440
realme,375.3663558193049,8.5,1,snapdragon,8.0,2.84,4500.0,1,8,128,6.43,120,3,android,64.0,16.0,0,2400,1080
realme,399.5397844253361,8.5,1,snapdragon,8.0,3.2,4500.0,1,8,128,6.55,120,3,android,50.0,32.0,0,2400,1080
realme,339.0941019740826,8.4,1,snapdragon,8.0,2.4,4300.0,1,8,128,6.43,120,3,android,64.0,32.0,0,2400,1080
realme,387.47729199467125,8.3,1,dimensity,8.0,2.85,5000.0,1,8,128,6.7,120,3,android,50.0,16.0,0,2412,1080
realme,302.7612934479836,7.9,1,snapdragon,8.0,3.2,5000.0,1,6,128,6.62,120,3,android,64.0,16.0,0,2400,1080
realme,320.9276977110331,8.1,1,snapdragon,8.0,3.2,5000.0,1,8,128,6.62,120,3,android,64.0,16.0,0,2400,1080
realme,345.1495700617658,8.2,1,snapdragon,8.0,3.2,5000.0,1,8,256,6.62,120,3,android,64.0,16.0,0,2400,1080
realme,363.31597432481533,8.0,1,snapdragon,8.0,3.0,5000.0,1,8,128,6.73,144,3,android,50.0,16.0,0,2400,1080
realme,423.87065520164714,8.3,1,snapdragon,8.0,3.2,4600.0,1,8,128,6.7,120,3,android,50.0,16.0,0,2412,1080
realme,387.53784667554805,8.2,1,snapdragon,8.0,3.2,5000.0,1,8,128,6.62,120,3,android,64.0,16.0,0,1080,2400
realme,127.15271890517138,7.2,0,helio,8.0,2.0,6000.0,1,4,64,6.5,60,3,android,48.0,8.0,1,1600,720
realme,205.8738040450527,8.0,1,dimensity,8.0,2.2,5000.0,1,6,128,6.5,90,3,android,48.0,16.0,1,2400,1080
realme,242.20661257115177,8.3,1,dimensity,8.0,2.4,5000.0,1,8,128,6.5,120,3,android,48.0,16.0,1,2400,1080
realme,133.20818699285456,7.4,0,helio,8.0,2.0,5000.0,1,4,64,6.6,120,3,android,50.0,16.0,1,2412,1080
realme,187.70739978200317,7.7,0,helio,8.0,2.0,5000.0,1,6,128,6.6,120,3,android,50.0,16.0,1,2412,1080
realme,217.98474022041907,7.9,1,dimensity,8.0,2.4,5000.0,1,6,128,6.6,90,3,android,48.0,16.0,1,2400,1080
realme,181.65193169431998,7.6,1,dimensity,8.0,2.4,5000.0,1,4,128,6.6,90,3,android,48.0,16.0,1,2400,1080
realme,163.48552743127044,7.5,1,dimensity,8.0,2.4,5000.0,1,4,64,6.6,90,3,android,48.0,16.0,1,2400,1080
realme,248.15308223325664,8.1,1,dimensity,8.0,2.5,5000.0,1,6,128,6.4,90,3,android,48.0,16.0,1,2400,1080
realme,278.53942109725085,8.3,1,dimensity,8.0,2.5,5000.0,1,8,128,6.4,90,3,android,48.0,16.0,1,2400,1080
realme,139.26365508053775,7.1,0,helio,8.0,2.0,6000.0,1,4,64,6.5,60,3,android,50.0,8.0,1,1600,720
realme,138.0525614630011,7.3,0,tiger,8.0,1.82,5000.0,1,4,64,6.6,60,3,android,50.0,8.0,1,2408,1080
realme,143.86581082717694,7.4,0,tiger,8.0,1.82,5000.0,1,4,128,6.6,60,3,android,50.0,8.0,1,2408,1080
realme,78.59997577812766,7.825824800910125,0,unisoc,8.0,1.6,5000.0,0,2,32,6.5,60,1,android,8.0,5.0,1,1600,720
realme,108.98631464212184,6.2,0,unisoc,8.0,1.6,5000.0,0,4,64,6.5,60,1,android,8.0,5.0,1,1600,720
realme,96.87537846675549,6.1,0,tiger,8.0,1.82,5000.0,1,3,32,6.5,60,1,android,8.0,5.0,1,1600,720
realme,105.60736344919464,6.4,0,tiger,8.0,1.82,5000.0,1,4,64,6.5,60,1,android,8.0,5.0,1,1600,720
realme,121.0972508174882,6.9,1,dimensity,8.0,2.0,5000.0,1,4,128,6.5,60,3,android,13.0,8.0,0,1600,720
realme,181.65193169431998,8.0,1,snapdragon,8.0,2.2,5000.0,1,6,128,6.5,120,3,android,48.0,16.0,1,2400,1080
realme,133.09918856727626,7.6,1,dimensity,8.0,2.2,5000.0,1,4,128,6.5,60,3,android,48.0,16.0,1,2400,1080
realme,181.54293326874168,7.8,1,snapdragon,8.0,2.2,5000.0,1,6,128,6.6,120,3,android,50.0,16.0,1,2412,1080
realme,339.0941019740826,8.7,1,snapdragon,8.0,2.84,4200.0,1,12,256,6.44,90,4,android,64.0,32.0,0,2400,1080
realme,302.7612934479836,8.5,1,snapdragon,8.0,2.84,4200.0,1,8,128,6.44,90,4,android,64.0,32.0,0,2400,1080
realme,326.98316579871624,8.4,1,dimensity,8.0,3.0,4500.0,1,8,128,6.43,120,3,android,64.0,16.0,0,2400,1080
realme,160.82112147268984,7.5,0,snapdragon,8.0,2.3,4000.0,1,4,64,6.4,60,4,android,64.0,16.0,1,2340,1080
redmi,96.87537846675549,7.0,0,helio,8.0,2.0,5000.0,0,4,64,6.71,60,2,android,50.0,5.0,1,1650,720
redmi,230.0956763957854,8.1,0,snapdragon,8.0,2.3,5000.0,1,6,128,6.67,120,4,android,108.0,16.0,1,2400,1080
redmi,242.20661257115177,8.1,1,snapdragon,8.0,2.4,5000.0,1,6,128,6.67,120,3,android,108.0,16.0,0,2400,1080
samsung,60.54256994065642,7.825824800910125,0,mediatek,4.0,1.5,3000.0,0,1,16,5.3,60,1,android,8.0,5.0,1,1480,720
samsung,87.79217633523072,6.6,0,unisoc,8.0,1.6,5000.0,1,3,32,6.5,60,2,android,48.0,5.0,1,1560,720
samsung,139.26365508053775,6.9,0,unisoc,8.0,1.6,5000.0,1,4,64,6.5,60,2,android,48.0,5.0,1,1560,720
samsung,78.70897420370595,7.825824800910125,0,unisoc,4.0,1.6,5000.0,0,2,32,6.5,60,1,android,8.0,5.0,1,1600,720
samsung,102.93084655443867,6.7,0,helio,8.0,2.3,5000.0,1,3,32,6.5,60,3,android,13.0,5.0,1,1600,720
samsung,145.31912316822093,7.1,0,helio,8.0,2.3,5000.0,1,4,64,6.5,60,2,android,50.0,5.0,1,1600,720
samsung,157.43005934358726,7.2,0,helio,8.0,2.3,5000.0,1,4,128,6.5,60,2,android,50.0,5.0,1,1600,720
samsung,112.61959549473175,6.5,0,helio,8.0,2.3,5000.0,0,3,32,6.5,60,2,android,13.0,5.0,1,1600,720
samsung,120.50381494489525,6.6,0,helio,8.0,2.3,5000.0,0,3,64,6.5,60,2,android,13.0,5.0,1,1600,720
samsung,139.26365508053775,6.9,0,helio,8.0,2.3,5000.0,0,4,128,6.5,60,2,android,13.0,5.0,1,1600,720
samsung,157.32106091800898,7.1,0,exynos,8.0,2.0,5000.0,1,4,64,6.5,90,3,android,50.0,5.0,1,1600,720
samsung,175.5964636066368,7.2,0,exynos,8.0,2.0,5000.0,1,4,128,6.5,90,3,android,50.0,5.0,1,1600,720
samsung,157.32106091800898,6.3,0,Not Defined,8.0,2.427217484008529,5000.0,1,4,64,6.5,60,2,android,48.0,5.0,1,1560,720
samsung,120.98825239190991,6.3,0,Not Defined,8.0,1.8,4000.0,1,2,32,6.4,60,3,android,13.0,8.0,1,1560,720
samsung,145.31912316822093,7.1,0,helio,8.0,2.3,5000.0,1,4,64,6.5,60,4,android,48.0,8.0,1,1560,720
samsung,169.54099551895362,7.5,0,helio,8.0,2.3,5000.0,1,6,128,6.5,60,4,android,48.0,8.0,1,1560,720
samsung,175.00302773404385,7.5,0,Not Defined,8.0,2.0,5000.0,1,4,64,6.6,60,4,android,50.0,8.0,1,2408,1080
samsung,181.65193169431998,7.5,0,Not Defined,8.0,2.0,5000.0,1,4,128,6.6,60,4,android,50.0,8.0,1,2408,1080
samsung,199.81833595736953,7.8,0,Not Defined,8.0,2.0,5000.0,1,6,128,6.6,60,4,android,50.0,8.0,1,2408,1080
samsung,217.87574179484076,7.3,1,dimensity,8.0,2.2,5000.0,1,4,64,6.5,90,3,android,50.0,5.0,1,1600,720
samsung,199.81833595736953,7.5,1,exynos,8.0,2.4,5000.0,1,4,64,6.6,90,3,android,50.0,13.0,1,2408,1080
samsung,230.0956763957854,7.9,1,exynos,8.0,2.4,5000.0,1,6,128,6.6,90,3,android,50.0,13.0,1,2408,1080
samsung,254.31754874651813,8.2,1,exynos,8.0,2.4,5000.0,1,8,128,6.6,90,3,android,50.0,13.0,1,2408,1080
samsung,193.65386944410804,6.3,0,Not Defined,8.0,2.427217484008529,5000.0,1,6,64,6.5,60,3,android,48.0,8.0,1,1600,720
samsung,211.9292721327359,7.5,0,exynos,8.0,2.0,5000.0,0,6,128,6.5,60,4,android,48.0,13.0,1,1600,720
samsung,224.04020830810222,7.6,0,helio,8.0,2.0,5000.0,1,6,128,6.4,60,4,android,48.0,13.0,1,1600,720
samsung,217.87574179484076,7.9,1,dimensity,8.0,2.2,5000.0,1,6,128,6.6,90,3,android,48.0,8.0,1,2408,1080
samsung,224.04020830810222,7.9,0,snapdragon,8.0,2.4,5000.0,1,6,128,6.6,60,4,android,50.0,8.0,1,2408,1080
samsung,242.09761414557346,8.2,0,snapdragon,8.0,2.4,5000.0,1,8,128,6.6,60,4,android,50.0,8.0,1,2408,1080
samsung,278.53942109725085,7.9,1,snapdragon,8.0,2.2,5000.0,1,6,128,6.6,120,4,android,50.0,8.0,1,2408,1080
samsung,302.7612934479836,8.1,1,snapdragon,8.0,2.2,5000.0,1,8,128,6.6,120,4,android,50.0,8.0,1,2408,1080
samsung,217.98474022041907,7.7,0,exynos,8.0,1.8,4000.0,1,6,64,6.4,60,3,android,48.0,16.0,1,2408,1080
samsung,199.81833595736953,8.0,0,helio,8.0,2.0,5000.0,1,6,128,6.4,90,4,android,64.0,20.0,1,2400,1080
samsung,199.81833595736953,8.2,0,helio,8.0,2.0,5000.0,1,8,128,6.4,90,4,android,64.0,20.0,1,2400,1080
samsung,296.70582536030037,7.9,1,dimensity,8.0,2.0,5000.0,1,6,128,6.5,90,4,android,48.0,13.0,1,1600,720
samsung,314.87222962334994,8.2,1,exynos,8.0,2.4,5000.0,1,6,128,6.4,90,4,android,48.0,13.0,1,2400,1080
samsung,333.03863388639945,8.5,1,exynos,8.0,2.4,5000.0,1,8,128,6.4,90,4,android,48.0,13.0,1,2400,1080
samsung,302.7612934479836,7.5,1,exynos,8.0,2.427217484008529,5000.0,1,6,128,6.5,90,4,android,48.0,13.0,1,2400,1080
samsung,217.87574179484076,6.9,0,exynos,8.0,2.2,3100.0,1,4,64,5.9,60,2,android,16.0,25.0,1,2340,1080
samsung,193.65386944410804,8.0,0,exynos,8.0,2.3,4000.0,1,4,128,6.4,60,3,android,48.0,32.0,1,2340,1080
samsung,302.65229502240527,8.3,0,snapdragon,8.0,2.3,4500.0,1,6,128,6.5,90,4,android,64.0,32.0,1,2400,1080
samsung,272.42339832869084,8.6,0,snapdragon,8.0,2.3,4500.0,1,8,128,6.5,90,4,android,64.0,32.0,1,2400,1080
samsung,442.03705946469665,8.9,1,exynos,8.0,2.4,5000.0,1,8,256,6.5,120,4,android,64.0,32.0,1,2400,1080
samsung,387.53784667554805,8.7,1,exynos,8.0,2.4,5000.0,1,6,128,6.5,120,4,android,64.0,32.0,1,2400,1080
samsung,405.70425093859757,8.9,1,exynos,8.0,2.4,5000.0,1,8,128,6.5,120,4,android,64.0,32.0,1,2400,1080
samsung,423.87065520164714,7.6,1,exynos,8.0,2.427217484008529,5000.0,1,6,128,6.4,120,3,android,50.0,32.0,1,2400,1080
samsung,260.26401840862303,7.0,0,exynos,8.0,2.2,3300.0,0,4,64,6.0,60,3,android,24.0,24.0,1,1080,2220
samsung,272.42339832869084,8.6,0,snapdragon,8.0,2.2,4500.0,1,8,128,6.7,60,4,android,64.0,32.0,1,2400,1080
samsung,508.6472084292116,7.825824800910125,1,snapdragon,8.0,2.4,5000.0,1,8,128,6.7,120,4,android,108.0,32.0,1,2400,1080
samsung,508.5382100036333,7.825824800910125,1,snapdragon,8.0,2.4,5000.0,1,8,256,6.7,120,4,android,108.0,32.0,1,2400,1080
samsung,520.758144604578,7.825824800910125,1,snapdragon,8.0,2.36,5000.0,1,8,128,6.7,120,4,android,108.0,32.0,1,2412,1080
samsung,544.9800169553107,8.3,1,snapdragon,8.0,2.427217484008529,5000.0,1,8,128,6.7,120,4,android,108.0,32.0,1,2412,1080
samsung,484.3163376529006,8.6,1,snapdragon,8.0,2.96,4500.0,1,6,128,6.71,120,3,android,64.0,10.0,1,3200,1440
samsung,484.3163376529006,8.6,1,snapdragon,8.0,3.2,4500.0,1,6,128,6.71,120,3,android,64.0,10.0,1,3200,1440
samsung,484.3163376529006,7.8,0,snapdragon,8.0,2.2,3400.0,1,6,128,6.4,60,3,android,24.0,24.0,1,2340,1080
samsung,581.2038270558314,8.0,1,dimensity,8.0,3.0,5000.0,1,8,128,6.7,60,3,android,48.0,16.0,0,2400,1080
samsung,102.93084655443867,6.8,0,helio,8.0,2.3,5000.0,1,4,64,6.5,60,2,android,13.0,5.0,1,1600,720
samsung,127.15271890517138,7.3,0,exynos,8.0,2.0,6000.0,1,4,64,6.5,90,4,android,48.0,8.0,1,1600,720
samsung,133.20818699285456,7.4,0,exynos,8.0,2.0,6000.0,1,4,64,6.6,60,3,android,50.0,8.0,1,1080,2408
samsung,145.31912316822093,7.5,0,exynos,8.0,2.0,6000.0,1,4,128,6.6,60,3,android,50.0,8.0,1,1080,2408
samsung,181.54293326874168,6.7,0,Not Defined,8.0,2.427217484008529,5000.0,1,4,64,6.62,60,3,android,50.0,16.0,1,1080,2408
samsung,139.26365508053775,7.3,0,helio,8.0,2.0,6000.0,0,4,64,6.4,90,4,android,48.0,13.0,1,1600,720
samsung,163.48552743127044,7.6,0,helio,8.0,2.0,6000.0,0,6,128,6.4,90,4,android,48.0,13.0,1,1600,720
samsung,193.76286786968635,7.8,1,snapdragon,8.0,2.2,5000.0,1,4,128,6.6,120,3,android,50.0,8.0,1,2408,1080
samsung,205.8738040450527,8.0,1,snapdragon,8.0,2.2,5000.0,1,6,128,6.6,120,3,android,50.0,8.0,1,2408,1080
samsung,181.65193169431998,7.8,1,snapdragon,8.0,2.2,5000.0,1,4,128,6.6,120,3,android,50.0,8.0,1,2408,1080
samsung,242.20661257115177,8.2,0,exynos,8.0,2.3,6000.0,1,6,128,6.4,60,3,android,64.0,32.0,1,2340,1080
samsung,187.59840135642486,8.0,1,dimensity,8.0,2.2,5000.0,1,6,128,6.6,90,3,android,64.0,8.0,1,2408,1080
samsung,278.53942109725085,8.2,1,dimensity,8.0,2.2,5000.0,1,8,128,6.6,90,3,android,64.0,8.0,1,2408,1080
samsung,266.4284849218845,8.4,1,dimensity,8.0,2.0,7000.0,1,6,128,6.7,60,4,android,64.0,32.0,1,2400,1080
samsung,102.93084655443867,6.6,0,helio,8.0,2.3,5000.0,1,4,64,6.5,60,2,android,13.0,5.0,1,1600,720
samsung,115.04178272980502,6.8,0,helio,8.0,2.3,5000.0,1,4,128,6.5,60,2,android,13.0,5.0,1,1600,720
samsung,133.20818699285456,7.2,0,exynos,8.0,2.0,6000.0,1,4,64,6.5,90,4,android,48.0,8.0,1,1600,720
samsung,157.43005934358726,7.5,0,exynos,8.0,2.0,6000.0,1,6,128,6.6,60,3,android,50.0,8.0,1,2400,1080
samsung,128.73925154414437,7.1,0,exynos,8.0,2.0,6000.0,1,4,64,6.6,60,3,android,50.0,8.0,1,2400,1080
samsung,169.54099551895362,7.5,1,dimensity,8.0,2.2,5000.0,1,6,128,6.5,90,2,android,50.0,5.0,1,1600,720
samsung,156.76395785394212,7.1,1,dimensity,8.0,2.2,5000.0,1,4,64,6.5,90,2,android,50.0,5.0,1,1600,720
samsung,181.65193169431998,6.0,0,exynos,8.0,2.427217484008529,6000.0,0,4,64,6.5,60,3,android,48.0,8.0,1,1600,720
samsung,142.00072665617054,7.6,0,exynos,8.0,2.3,6000.0,1,4,64,6.4,60,3,android,48.0,20.0,1,2340,1080
samsung,149.73961487222962,7.6,0,helio,8.0,2.0,6000.0,1,4,64,6.4,90,4,android,64.0,20.0,1,2400,1080
samsung,175.4874651810585,8.0,0,helio,8.0,2.0,6000.0,1,6,128,6.4,90,4,android,64.0,20.0,1,2400,1080
samsung,146.78454644544024,7.5,0,helio,8.0,2.0,6000.0,1,4,64,6.4,90,4,android,64.0,20.0,1,2400,1080
samsung,179.9564006297687,7.9,0,helio,8.0,2.0,6000.0,1,6,128,6.4,90,4,android,64.0,20.0,1,2400,1080
samsung,211.6749424730532,8.1,1,exynos,8.0,2.4,6000.0,1,6,128,6.6,120,4,android,50.0,8.0,1,2400,1080
samsung,236.15114448346858,8.4,1,exynos,8.0,2.4,6000.0,1,8,128,6.6,120,4,android,50.0,8.0,1,2400,1080
samsung,205.8738040450527,8.4,1,exynos,8.0,2.4,6000.0,1,6,128,6.5,120,4,android,64.0,32.0,1,2400,1080
samsung,278.53942109725085,7.4,0,Not Defined,8.0,2.427217484008529,6000.0,1,8,128,6.5,60,3,android,64.0,32.0,1,2400,1080
samsung,302.65229502240527,7.2,1,Not Defined,8.0,2.427217484008529,6000.0,1,6,128,6.7,60,3,android,64.0,32.0,1,2400,1080
samsung,302.65229502240527,7.4,1,Not Defined,8.0,2.427217484008529,5000.0,1,8,128,6.5,60,3,android,64.0,32.0,1,2400,1080
samsung,288.1191716119656,8.5,1,dimensity,8.0,2.4,5000.0,1,6,128,6.7,120,4,android,108.0,32.0,1,2400,1080
samsung,306.2734649388398,8.7,1,dimensity,8.0,2.4,5000.0,1,8,128,6.7,120,4,android,108.0,32.0,1,2400,1080
samsung,423.87065520164714,8.5,1,snapdragon,8.0,2.84,6000.0,1,6,128,6.67,90,3,android,64.0,32.0,1,2412,1080
samsung,290.6503572726172,8.3,0,exynos,8.0,2.73,7000.0,1,6,128,6.71,60,4,android,64.0,32.0,1,2400,1080
samsung,484.4253360784789,8.3,0,exynos,8.0,2.7,4500.0,1,6,128,6.7,60,3,android,12.0,32.0,1,2400,1080
samsung,714.5331234104397,8.9,0,exynos,8.0,2.73,4300.0,1,12,256,6.8,60,4,android,12.0,10.0,1,3040,1440
samsung,520.758144604578,8.1,0,exynos,8.0,2.7,4100.0,1,8,128,6.4,60,3,android,16.0,10.0,1,3040,1440
samsung,508.6472084292116,8.8,0,exynos,8.0,2.73,4000.0,1,8,128,6.2,120,3,android,64.0,10.0,1,3200,1440
samsung,429.8050139275766,8.6,0,exynos,8.0,2.73,4500.0,1,8,128,6.5,120,3,android,12.0,32.0,1,2400,1080
samsung,378.3335351822696,8.8,1,snapdragon,8.0,2.84,4500.0,1,8,128,6.5,120,3,android,12.0,32.0,1,2400,1080
samsung,592.2247789754149,8.8,1,exynos,8.0,2.9,4000.0,1,8,128,6.2,120,3,android,64.0,10.0,0,2400,1080
samsung,484.4253360784789,8.7,1,exynos,8.0,2.9,4500.0,1,8,128,6.4,120,3,android,12.0,32.0,0,2340,1080
samsung,532.8690807799443,8.8,1,exynos,8.0,2.9,4500.0,1,8,256,6.4,120,3,android,12.0,32.0,0,2340,1080
samsung,719.99515562553,8.8,1,exynos,8.0,2.9,4800.0,1,8,128,6.7,120,3,android,64.0,10.0,0,2400,1080
samsung,605.5346978321425,8.6,1,snapdragon,8.0,3.0,3700.0,1,8,128,6.1,120,3,android,50.0,10.0,0,2340,1080
samsung,702.4221872350734,8.7,1,snapdragon,8.0,3.0,3700.0,1,8,256,6.1,120,3,android,50.0,10.0,0,2340,1080
samsung,629.7565701828752,7.9,1,exynos,8.0,2.427217484008529,4200.0,1,8,128,6.4,120,3,android,12.0,32.0,0,2400,1080
samsung,780.5377255661863,8.7,1,snapdragon,8.0,3.0,4500.0,1,8,128,6.6,120,3,android,50.0,10.0,0,2340,1080
samsung,666.0893787089742,7.7,1,Not Defined,8.0,2.427217484008529,4500.0,1,8,128,6.5,60,4,android,64.0,32.0,0,2400,1080
samsung,423.87065520164714,7.8,0,exynos,8.0,2.8,3500.0,1,6,128,6.2,60,2,android,12.0,8.0,1,2960,1440
sharp,726.5350611602278,8.8,0,snapdragon,8.0,2.84,3730.0,1,12,256,6.5,60,3,android,48.0,16.0,1,3168,1440
sony,339.0941019740826,7.5,0,snapdragon,8.0,2.0,3600.0,1,4,128,6.0,90,3,android,12.0,8.0,1,2520,1080
sony,375.3179120746034,7.8,1,snapdragon,8.0,2.0,4500.0,1,6,64,6.0,60,3,android,12.0,8.0,1,2520,1080
sony,242.09761414557346,8.0,0,snapdragon,8.0,2.0,5000.0,1,8,128,6.5,120,2,android,50.0,16.0,1,2400,1080
sony,193.65386944410804,7.3,0,helio,8.0,2.3,4000.0,1,4,64,6.2,60,3,android,13.0,8.0,1,1680,720
tcl,108.87731621654355,6.0,0,helio,8.0,2.0,3000.0,1,3,32,6.0,60,1,android,13.0,5.0,1,1440,720
tecno,139.26365508053775,7.5,0,helio,8.0,2.0,5000.0,1,4,128,6.8,90,3,android,48.0,16.0,0,2460,1080
tecno,178.5878648419523,7.9,0,helio,8.0,2.0,5000.0,1,6,128,6.8,60,3,android,64.0,16.0,1,2460,1080
tecno,181.65193169431998,7.7,0,helio,8.0,2.0,5000.0,1,6,128,6.8,90,3,android,48.0,32.0,0,2400,1080
tecno,217.87574179484076,8.1,0,helio,8.0,2.05,5000.0,1,8,128,6.8,120,3,android,64.0,32.0,0,2460,1080
tecno,266.4284849218845,8.2,1,dimensity,8.0,2.4,5000.0,1,8,128,6.8,120,3,android,64.0,16.0,0,2460,1080
tecno,217.98474022041907,8.4,0,helio,8.0,2.05,5000.0,1,8,128,6.8,120,3,android,64.0,32.0,1,2460,1080
tecno,254.31754874651813,7.9,1,dimensity,8.0,2.2,5000.0,1,6,128,6.83,120,3,android,50.0,16.0,0,2460,1080
tecno,314.87222962334994,8.4,0,helio,8.0,2.05,4700.0,1,8,256,6.7,90,3,android,50.0,48.0,0,2340,1080
tecno,278.53942109725085,8.4,0,helio,8.0,2.05,5000.0,1,8,256,6.7,120,4,android,50.0,48.0,0,2400,1080
tecno,484.4253360784789,8.5,1,dimensity,8.0,3.05,5160.0,1,8,256,6.8,120,3,android,64.0,32.0,0,2400,1080
tecno,605.5346978321425,8.9,1,dimensity,8.0,3.05,5160.0,1,12,256,6.8,120,3,android,50.0,32.0,0,2400,1080
tecno,84.76444229138913,7.825824800910125,0,spreadtrum,4.0,1.3,4000.0,0,1,16,6.1,60,2,android,5.0,5.0,1,1520,720
tecno,76.28678696863268,7.825824800910125,0,helio,4.0,2.0,5000.0,0,2,32,6.56,60,2,android,8.0,5.0,1,1600,720
tecno,133.20818699285456,7.4,0,helio,8.0,2.0,7000.0,1,4,64,6.95,60,4,android,48.0,8.0,1,2460,1080
tecno,121.0972508174882,7.4,0,helio,8.0,2.0,7000.0,1,4,64,6.95,90,3,android,50.0,8.0,1,2460,1080
tecno,167.11880828388036,7.7,0,helio,8.0,2.0,7000.0,1,6,128,6.9,90,3,android,50.0,8.0,1,2460,1080
tecno,145.31912316822093,7.3,0,helio,8.0,2.2,6000.0,1,8,128,6.82,90,2,android,50.0,8.0,1,1600,720
tecno,193.76286786968635,7.4,0,helio,8.0,2.2,6000.0,1,8,256,6.66,90,2,android,50.0,8.0,1,1600,720
tecno,187.70739978200317,7.8,1,dimensity,8.0,2.4,6000.0,1,8,128,6.9,120,3,android,50.0,16.0,1,2460,1080
tecno,169.43199709337534,6.7,0,helio,8.0,2.0,7000.0,0,6,128,6.82,90,2,android,16.0,8.0,1,1600,720
tecno,187.70739978200317,7.1,0,dimensity,8.0,2.4,6000.0,1,4,128,6.8,120,2,android,50.0,8.0,1,2400,1080
tecno,108.98631464212184,6.4,0,helio,8.0,1.8,5000.0,0,4,64,6.52,60,2,android,16.0,8.0,1,1600,720
tecno,106.56412740704857,7.2,0,helio,8.0,2.0,5000.0,1,4,64,6.8,60,3,android,48.0,8.0,1,2460,1080
tecno,89.60881676153568,6.2,0,unisoc,8.0,2.0,5000.0,0,3,64,6.6,90,2,android,13.0,8.0,1,1612,720
tecno,107.66622259900691,6.3,0,unisoc,8.0,2.0,5000.0,0,4,64,6.6,90,2,android,13.0,8.0,1,1612,720
tecno,96.87537846675549,7.0,0,helio,8.0,2.3,5000.0,0,4,64,6.6,60,2,android,50.0,8.0,1,1600,720
tecno,108.98631464212184,6.9,0,helio,8.0,2.3,5000.0,0,6,128,6.6,90,2,android,13.0,8.0,1,1600,720
tecno,101.61075451132373,6.3,0,helio,8.0,2.3,5000.0,0,3,64,6.6,90,2,android,13.0,8.0,1,1600,720
tecno,96.87537846675549,6.5,0,helio,8.0,2.3,5000.0,0,4,64,6.6,90,2,android,13.0,8.0,1,1600,720
tecno,121.0972508174882,7.4,0,helio,8.0,2.0,5000.0,1,4,64,6.6,90,3,android,48.0,32.0,1,2460,1080
tecno,108.61087562068549,7.2,0,helio,8.0,2.3,5000.0,1,4,64,6.6,60,3,android,50.0,8.0,1,2408,1080
tecno,75.68124015986436,6.1,0,Not Defined,8.0,2.2,5000.0,0,2,32,6.51,60,2,android,13.0,8.0,1,1600,720
tecno,84.76444229138913,6.2,0,helio,4.0,2.0,5000.0,1,3,32,6.56,60,2,android,13.0,5.0,1,1600,720
vivo,363.31597432481533,8.2,0,snapdragon,8.0,2.0,4500.0,1,8,128,6.38,60,4,android,48.0,32.0,1,2340,1080
vivo,363.206975899237,8.5,1,snapdragon,8.0,3.2,4600.0,1,8,128,6.78,120,3,android,64.0,50.0,0,2400,1080
vivo,429.9261232893303,8.6,1,dimensity,8.0,3.1,4600.0,1,8,256,6.78,120,3,android,50.0,50.0,0,2400,1080
vivo,605.4256994065641,7.7,1,dimensity,8.0,2.427217484008529,5000.0,1,12,256,6.67,120,3,android,50.0,32.0,0,2400,1080
vivo,175.5964636066368,7.7,0,snapdragon,8.0,2.4,5000.0,1,4,128,6.44,60,3,android,50.0,16.0,1,2408,1080
vivo,193.76286786968635,7.9,0,snapdragon,8.0,2.4,5000.0,1,6,128,6.44,60,3,android,50.0,16.0,1,2408,1080
vivo,217.98474022041907,8.2,0,snapdragon,8.0,2.4,5000.0,1,8,128,6.44,60,3,android,50.0,16.0,1,2408,1080
vivo,193.65386944410804,7.8,1,snapdragon,8.0,2.2,5000.0,1,4,128,6.58,120,3,android,50.0,16.0,1,2408,1080
vivo,205.7648056194744,8.0,1,snapdragon,8.0,2.2,5000.0,1,6,128,6.58,120,3,android,50.0,16.0,1,2408,1080
vivo,242.09761414557346,8.3,1,snapdragon,8.0,2.2,5000.0,1,8,128,6.58,120,3,android,50.0,16.0,1,2408,1080
vivo,290.6503572726172,8.1,1,snapdragon,8.0,2.4,4700.0,1,6,128,6.44,90,3,android,64.0,16.0,1,2404,1080
vivo,302.7612934479836,8.4,1,snapdragon,8.0,2.4,4700.0,1,8,128,6.44,90,3,android,64.0,16.0,1,2404,1080
vivo,157.43005934358726,7.5,0,snapdragon,8.0,2.4,5000.0,1,4,128,6.58,90,2,android,50.0,8.0,1,2408,1080
vivo,181.65193169431998,7.7,0,snapdragon,8.0,2.4,5000.0,1,6,128,6.58,90,2,android,50.0,8.0,1,2408,1080
vivo,145.31912316822093,7.4,0,snapdragon,8.0,2.4,5000.0,1,4,64,6.58,90,2,android,50.0,8.0,1,2408,1080
vivo,302.65229502240527,8.5,1,snapdragon,8.0,3.2,4700.0,1,8,128,6.62,120,3,android,64.0,16.0,1,2400,1080
vivo,363.206975899237,7.6,1,snapdragon,8.0,2.427217484008529,4500.0,1,8,128,6.44,90,3,android,50.0,16.0,1,2408,1080
vivo,229.98667797020713,8.0,1,dimensity,8.0,3.0,6000.0,1,8,128,6.58,120,2,android,50.0,16.0,0,2408,1080
vivo,387.42884824996975,8.6,1,snapdragon,8.0,2.7,4700.0,1,8,256,6.67,120,3,android,64.0,32.0,1,2408,1080
vivo,120.98825239190991,7.2,0,snapdragon,8.0,2.0,5000.0,1,4,64,6.53,60,3,android,16.0,16.0,1,2340,1080
vivo,145.21012474264262,7.4,0,snapdragon,8.0,2.0,5000.0,1,6,64,6.53,60,3,android,16.0,16.0,1,2340,1080
vivo,108.87731621654355,7.1,1,snapdragon,8.0,2.0,5000.0,1,6,64,6.58,90,2,android,13.0,8.0,0,2408,1080
vivo,254.20855032093982,7.0,0,helio,8.0,2.0,3315.0,0,4,128,6.3,60,2,android,16.0,25.0,1,2280,1080
vivo,302.77340438415894,7.8,0,snapdragon,8.0,2.0,3700.0,1,8,128,6.39,60,3,android,48.0,32.0,1,2316,1080
vivo,338.98510354850436,8.4,0,snapdragon,8.0,2.3,4500.0,1,8,256,6.44,60,4,android,48.0,32.0,1,2400,1080
vivo,281.80937386459976,8.5,0,snapdragon,8.0,2.3,4000.0,1,8,128,6.44,60,3,android,64.0,44.0,1,2400,1080
vivo,326.99527673489166,8.4,1,snapdragon,8.0,2.4,4000.0,1,8,128,6.44,60,3,android,64.0,44.0,0,2400,1080
vivo,230.1077873319608,8.2,0,snapdragon,8.0,2.0,4100.0,1,8,128,6.44,60,3,android,48.0,32.0,1,2400,1080
vivo,302.7612934479836,8.3,0,dimensity,8.0,2.4,4000.0,1,8,128,6.44,90,3,android,64.0,44.0,1,2400,1080
vivo,290.58980259174035,8.5,1,dimensity,8.0,2.4,4000.0,1,8,128,6.44,90,3,android,64.0,44.0,1,2400,1080
vivo,399.6487828509144,8.5,1,snapdragon,8.0,2.4,4300.0,1,8,128,6.44,60,4,android,64.0,44.0,0,2400,1080
vivo,363.31597432481533,8.6,1,dimensity,8.0,2.4,4000.0,1,8,128,6.44,90,3,android,64.0,44.0,1,2400,1080
vivo,302.7007387671067,8.3,1,dimensity,8.0,2.5,4200.0,1,8,128,6.44,90,3,android,64.0,50.0,0,2400,1080
vivo,339.0335472932058,8.6,1,dimensity,8.0,2.5,4200.0,1,12,256,6.44,90,3,android,64.0,50.0,1,2400,1080
vivo,387.47729199467125,8.5,1,dimensity,8.0,3.0,4300.0,1,8,128,6.56,90,3,android,108.0,50.0,0,2376,1080
vivo,448.031972871503,8.7,1,dimensity,8.0,3.0,4300.0,1,12,256,6.56,90,3,android,108.0,50.0,0,2376,1080
vivo,326.874167373138,8.2,0,helio,8.0,2.05,4050.0,1,8,128,6.44,60,3,android,64.0,50.0,0,2400,1080
vivo,266.3679302410076,8.4,1,dimensity,8.0,2.4,4050.0,1,8,128,6.44,60,3,android,50.0,44.0,1,2400,1080
vivo,387.53784667554805,8.5,1,dimensity,8.0,2.0,4500.0,1,12,256,6.44,90,3,android,64.0,50.0,1,2408,1080
vivo,339.0941019740826,8.3,1,dimensity,8.0,2.0,4500.0,1,8,128,6.44,90,3,android,64.0,50.0,1,2408,1080
vivo,484.4253360784789,8.6,1,dimensity,8.0,3.0,4830.0,1,12,256,6.56,120,3,android,64.0,32.0,0,2376,1080
vivo,435.9815913770135,8.5,1,dimensity,8.0,3.0,4830.0,1,8,128,6.56,120,3,android,64.0,32.0,0,2376,1080
vivo,242.09761414557346,8.4,0,helio,8.0,2.2,4500.0,1,8,256,6.44,90,3,android,64.0,32.0,1,2400,1080
vivo,520.6491461789997,8.7,1,dimensity,8.0,3.2,4800.0,1,12,256,6.7,120,3,android,64.0,32.0,0,2400,1080
vivo,338.98510354850436,8.3,1,dimensity,8.0,2.2,4700.0,1,8,256,6.56,120,3,android,64.0,50.0,1,2400,1080
vivo,532.8690807799443,8.7,1,dimensity,8.0,3.2,5000.0,1,12,256,6.73,144,3,android,108.0,32.0,0,2400,1080
vivo,351.09603972387066,8.4,1,snapdragon,8.0,2.2,5000.0,1,8,256,6.7,120,3,android,108.0,32.0,1,2400,1080
vivo,399.5397844253361,8.4,1,snapdragon,8.0,2.4,5000.0,1,8,256,6.67,120,3,android,64.0,32.0,1,2400,1080
vivo,666.0893787089742,8.6,1,dimensity,8.0,3.05,4500.0,1,8,128,6.78,120,3,android,50.0,32.0,0,2400,1080
vivo,726.6440595858061,8.8,1,dimensity,8.0,3.05,4500.0,1,12,256,6.78,120,3,android,50.0,32.0,0,2400,1080
vivo,508.5382100036333,8.8,1,dimensity,8.0,3.05,4810.0,1,8,128,6.78,120,3,android,50.0,32.0,0,2800,1260
vivo,690.3112510597069,7.825824800910125,1,dimensity,8.0,3.05,4870.0,1,8,256,6.78,120,3,android,50.3,32.0,0,2800,1260
vivo,96.87537846675549,6.1,0,helio,8.0,2.3,5000.0,0,2,32,6.51,60,1,android,8.0,5.0,1,1600,720
vivo,94.34419280610392,6.0,0,helio,8.0,2.3,5000.0,1,2,32,6.51,60,1,android,8.0,5.0,1,1600,720
vivo,108.98631464212184,7.825824800910125,0,helio,8.0,2.427217484008529,5000.0,1,3,32,6.51,60,1,android,8.0,5.0,1,1600,720
vivo,96.87537846675549,7.825824800910125,0,helio,8.0,2.427217484008529,5000.0,1,2,32,6.51,60,1,android,8.0,5.0,1,1600,720
vivo,108.87731621654355,6.1,0,helio,8.0,2.3,5000.0,1,3,32,6.51,60,1,android,8.0,5.0,1,1600,720
vivo,151.2655928303258,6.3,0,helio,8.0,2.3,5000.0,0,4,128,6.51,60,2,android,13.0,8.0,0,1600,720
vivo,363.206975899237,8.2,1,dimensity,8.0,2.4,5000.0,1,8,128,6.0,120,3,android,50.0,50.0,0,2400,1080
vivo,114.93278430422673,6.4,0,snapdragon,8.0,2.0,5000.0,0,3,32,6.35,60,2,android,13.0,8.0,1,1544,720
vivo,133.22029792902993,6.8,0,helio,8.0,2.0,5000.0,0,3,64,6.35,60,3,android,13.0,8.0,1,1544,720
vivo,121.0972508174882,6.5,0,snapdragon,8.0,2.0,5000.0,0,3,32,6.51,60,2,android,13.0,8.0,1,1600,720
vivo,145.21012474264262,6.8,0,snapdragon,8.0,2.0,5000.0,0,3,64,6.51,60,3,android,13.0,8.0,1,1600,720
vivo,151.38670219207947,7.1,0,helio,8.0,2.0,5000.0,0,4,64,6.35,60,3,android,13.0,16.0,1,1544,720
vivo,102.93084655443867,6.6,0,helio,8.0,2.3,5000.0,0,3,32,6.51,60,2,android,13.0,8.0,1,1600,720
vivo,127.04372047959308,6.7,0,helio,8.0,2.3,5000.0,0,3,64,6.51,60,2,android,13.0,8.0,1,1600,720
vivo,102.93084655443867,6.6,0,helio,8.0,2.3,5000.0,0,3,32,6.51,60,2,android,13.0,8.0,1,1600,720
vivo,121.0972508174882,6.5,0,helio,8.0,2.3,5000.0,1,3,32,6.51,60,2,android,13.0,5.0,1,1600,720
vivo,127.15271890517138,6.6,0,helio,8.0,2.3,5000.0,1,3,64,6.51,60,2,android,13.0,5.0,1,1600,720
vivo,151.25348189415044,6.8,0,helio,8.0,2.3,5000.0,1,4,64,6.51,60,2,android,13.0,5.0,1,1600,720
vivo,242.21872350732713,7.3,0,helio,8.0,2.0,5000.0,1,4,128,6.53,60,3,android,16.0,16.0,1,2340,1080
vivo,169.43199709337534,6.9,0,helio,8.0,2.0,5000.0,1,4,64,6.51,60,3,android,13.0,8.0,1,1600,720
vivo,120.98825239190991,6.5,0,snapdragon,8.0,1.8,5000.0,0,4,64,6.5,60,2,android,13.0,13.0,1,1544,720
vivo,163.36441806951677,6.9,0,helio,8.0,2.3,5000.0,1,4,64,6.51,60,2,android,13.0,8.0,1,1600,720
vivo,151.3745912559041,6.9,0,snapdragon,8.0,2.4,5000.0,1,3,64,6.51,60,2,android,13.0,8.0,1,1600,720
vivo,181.54293326874168,7.4,0,helio,8.0,2.0,5000.0,1,4,128,6.51,60,3,android,50.0,8.0,1,1600,720
vivo,187.70739978200317,7.4,0,snapdragon,8.0,2.4,5000.0,1,4,128,6.51,90,3,android,50.0,8.0,1,720,1600
vivo,175.5964636066368,7.2,0,helio,8.0,2.0,5000.0,1,4,64,6.55,60,2,android,50.0,8.0,1,1612,720
vivo,199.81833595736953,7.5,0,helio,8.0,2.0,5000.0,1,6,128,6.55,60,2,android,50.0,8.0,1,1612,720
vivo,181.54293326874168,7.7,0,snapdragon,8.0,2.4,5000.0,1,8,128,6.55,90,2,android,50.0,8.0,1,720,1612
vivo,90.81991037907231,7.825824800910125,0,helio,4.0,1.3,1900.0,0,1,16,4.5,60,1,android,5.0,2.0,1,854,480
vivo,157.32106091800898,7.1,0,helio,8.0,2.3,5000.0,1,4,128,6.35,60,3,android,13.0,16.0,1,1544,720
vivo,202.07097008598765,8.0,0,helio,8.0,2.0,5000.0,1,8,128,6.58,60,3,android,50.0,16.0,1,2408,1080
vivo,193.65386944410804,8.1,0,snapdragon,8.0,2.4,5000.0,1,8,128,6.58,90,3,android,50.0,16.0,1,2408,1080
vivo,224.04020830810222,8.0,0,snapdragon,8.0,2.4,5000.0,1,8,128,6.58,90,3,android,50.0,16.0,1,2408,1080
vivo,169.54099551895362,7.0,1,dimensity,8.0,2.2,5000.0,1,4,128,6.51,60,2,android,13.0,5.0,1,1600,720
vivo,187.59840135642486,7.9,0,helio,8.0,2.0,5000.0,1,8,128,6.58,60,3,android,64.0,16.0,1,2408,1080
vivo,145.31912316822093,6.7,1,dimensity,8.0,2.0,6000.0,1,4,128,6.51,60,2,android,13.0,5.0,0,1600,720
vivo,278.43042267167255,8.3,0,snapdragon,8.0,2.4,5000.0,1,8,128,6.44,120,3,android,50.0,16.0,1,2400,1080
vivo,254.20855032093982,7.7,1,dimensity,8.0,2.2,5000.0,1,4,128,6.58,60,3,android,50.0,8.0,1,2408,1080
vivo,163.37652900569216,7.825824800910125,0,snapdragon,4.0,1.2,2730.0,0,3,16,5.2,60,1,android,13.0,5.0,1,1280,720
vivo,266.4284849218845,7.8,1,dimensity,8.0,2.2,5000.0,1,4,128,6.58,60,3,android,50.0,8.0,1,2408,1080
vivo,242.09761414557346,7.9,1,dimensity,8.0,2.2,6000.0,1,8,128,6.58,60,2,android,50.0,8.0,0,2408,1080
vivo,302.77340438415894,7.825824800910125,0,snapdragon,4.0,1.4,3360.0,0,3,16,6.0,60,1,android,13.0,5.0,1,1440,720
vivo,242.09761414557346,8.0,0,helio,8.0,2.05,4000.0,1,8,128,6.44,60,3,android,64.0,16.0,1,2400,1080
vivo,205.7648056194744,7.7,1,dimensity,8.0,2.0,6000.0,1,8,128,6.58,60,2,android,50.0,8.0,0,2408,1080
vivo,242.09761414557346,8.2,0,helio,8.0,2.05,4050.0,1,8,128,6.44,60,3,android,50.0,44.0,1,2400,1080
vivo,266.3194864963062,8.2,1,dimensity,8.0,2.2,5000.0,1,8,128,6.58,60,3,android,50.0,16.0,1,2408,1080
vivo,217.87574179484076,7.6,1,dimensity,8.0,2.2,4500.0,1,6,128,6.64,120,2,android,50.0,8.0,1,2388,1080
vivo,302.65229502240527,7.7,1,dimensity,8.0,3.0,4500.0,1,8,128,6.58,90,3,android,50.0,16.0,0,2400,1080
vivo,99.29756570182876,7.825824800910125,0,helio,8.0,2.0,4030.0,0,2,32,6.22,60,1,android,13.0,5.0,1,1520,720
vivo,217.99685115659443,6.2,0,helio,8.0,2.0,4030.0,0,4,32,6.2,60,2,android,13.0,8.0,1,720,1520
vivo,181.66404263049535,6.5,0,snapdragon,8.0,1.95,4030.0,0,4,64,6.22,60,2,android,13.0,20.0,1,720,1520
xiaomi,302.65229502240527,8.3,1,dimensity,8.0,2.5,5160.0,1,8,128,6.67,120,3,android,108.0,16.0,1,1080,2400
xiaomi,300.593435872593,8.3,1,dimensity,8.0,2.5,4500.0,1,6,128,6.67,120,3,android,108.0,16.0,1,1080,2400
xiaomi,326.98316579871624,8.6,1,dimensity,8.0,2.5,4500.0,1,8,128,6.67,120,3,android,108.0,16.0,1,1080,2400
xiaomi,472.31439990311253,8.8,1,snapdragon,8.0,2.84,5000.0,1,12,256,6.67,120,3,android,108.0,16.0,0,2400,1080
xiaomi,363.206975899237,8.2,1,snapdragon,8.0,2.4,4300.0,1,6,128,6.55,120,3,android,108.0,32.0,0,2400,1080
xiaomi,617.5366355819306,8.9,1,snapdragon,8.0,3.0,4600.0,1,8,256,6.73,120,3,android,50.0,32.0,0,3200,1440
xiaomi,628.3153687780066,7.825824800910125,1,snapdragon,8.0,3.0,4600.0,1,12,256,6.73,120,3,android,50.0,32.0,0,3200,1440
xiaomi,593.3147632311978,8.7,1,dimensity,8.0,2.85,5000.0,1,8,128,6.67,120,3,android,108.0,20.0,0,2712,1220
xiaomi,726.5350611602278,8.9,1,snapdragon,8.0,3.2,5000.0,1,8,128,6.67,120,3,android,200.0,20.0,0,2712,1220
xiaomi,569.0928908804651,8.9,1,snapdragon,8.0,3.2,4500.0,1,8,128,6.36,120,3,android,50.0,32.0,0,2400,1080
xiaomi,714.4241249848614,7.825824800910125,1,snapdragon,8.0,3.2,4820.0,1,8,128,6.73,120,3,android,50.3,32.0,0,3200,1440
xiaomi,666.0893787089742,8.9,1,snapdragon,8.0,3.2,5000.0,1,12,256,6.43,120,3,android,50.0,32.0,0,3200,1440
xiaomi,363.31597432481533,8.5,1,snapdragon,8.0,2.4,4500.0,1,8,128,6.55,120,3,android,50.0,32.0,0,2400,1080
xiaomi,399.5397844253361,8.6,1,dimensity,8.0,3.1,5000.0,1,8,256,6.7,120,3,android,64.0,32.0,0,2400,1080
xiaomi,666.0893787089742,8.8,1,snapdragon,8.0,2.84,4780.0,1,8,256,6.67,90,4,android,108.0,20.0,0,2340,1080
xiaomi,284.60700012110937,8.0,1,snapdragon,8.0,2.84,5000.0,1,6,128,6.67,144,3,android,64.0,20.0,0,1080,2400
xiaomi,363.31597432481533,8.6,1,snapdragon,8.0,2.84,5000.0,1,8,128,6.67,144,3,android,108.0,20.0,0,2400,1080
xiaomi,226.46239554317552,8.2,0,snapdragon,8.0,2.3,4250.0,1,8,128,6.55,90,3,android,64.0,16.0,1,2400,1080
xiaomi,265.10839287876956,8.3,1,snapdragon,8.0,2.4,4250.0,1,6,128,6.55,90,3,android,64.0,20.0,1,2400,1080
xiaomi,278.53942109725085,8.6,1,snapdragon,8.0,2.4,4250.0,1,8,128,6.55,90,3,android,64.0,20.0,1,2400,1080
xiaomi,284.594889184934,8.1,1,dimensity,8.0,2.5,5160.0,1,6,128,6.67,120,3,android,108.0,16.0,1,1080,2400
xiaomi,423.76165677606883,8.6,1,snapdragon,8.0,2.84,5000.0,1,8,128,6.67,120,3,android,108.0,16.0,0,2400,1080
xiaomi,289.3302652295023,8.0,1,snapdragon,8.0,3.2,4520.0,1,6,128,6.67,120,3,android,48.0,20.0,0,2400,1080
xiaomi,314.76323119777163,8.3,1,snapdragon,8.0,3.2,4520.0,1,8,128,6.67,120,3,android,48.0,20.0,0,2400,1080
xiaomi,375.3179120746034,8.5,1,snapdragon,8.0,2.84,4520.0,1,8,128,6.67,120,3,android,108.0,20.0,0,2400,1080
xiaomi,520.6491461789997,8.7,1,snapdragon,8.0,3.0,4500.0,1,8,128,6.28,120,3,android,50.0,32.0,0,2400,1080
xiaomi,145.31912316822093,7.7,0,snapdragon,8.0,2.8,4000.0,1,6,64,6.18,60,2,android,12.0,20.0,1,2246,1080
xiaomi,157.43005934358726,7.8,0,snapdragon,8.0,2.8,4000.0,1,6,128,6.18,60,2,android,12.0,20.0,1,2246,1080
xiaomi,116.131766985588,7.1,0,snapdragon,8.0,2.4,6000.0,1,4,64,6.7,60,2,android,50.0,5.0,1,1600,720
xiaomi,145.31912316822093,7.5,0,snapdragon,8.0,2.4,6000.0,1,6,128,6.7,60,2,android,50.0,5.0,1,1600,720
xiaomi,145.31912316822093,7.7,0,snapdragon,8.0,2.4,6000.0,1,8,128,6.7,60,2,android,50.0,5.0,1,1650,720
xiaomi,150.05449921278915,7.4,0,helio,8.0,2.0,6000.0,1,4,64,6.5,90,4,android,50.0,8.0,1,2400,1080
xiaomi,157.43005934358726,7.7,0,helio,8.0,2.0,6000.0,1,6,128,6.5,90,4,android,50.0,8.0,1,2400,1080
xiaomi,169.43199709337534,6.9,1,dimensity,8.0,2.2,5000.0,1,4,128,6.58,90,2,android,50.0,5.0,0,2408,1080
xiaomi,90.81991037907231,6.4,0,helio,8.0,2.0,5000.0,0,3,32,6.53,60,1,android,13.0,5.0,1,1600,720
xiaomi,101.586532638973,6.6,0,helio,8.0,2.0,5000.0,0,4,64,6.53,60,1,android,13.0,5.0,1,1600,720
xiaomi,131.40365750272497,7.0,0,helio,8.0,2.0,5000.0,0,6,128,6.53,60,1,android,13.0,5.0,1,1600,720
xiaomi,121.0972508174882,6.9,0,helio,8.0,2.0,5000.0,0,6,128,6.53,60,1,android,13.0,5.0,1,1600,720
xiaomi,169.43199709337534,7.1,0,snapdragon,8.0,2.4,6000.0,1,4,64,6.7,60,2,android,50.0,5.0,1,1600,720
xiaomi,181.54293326874168,7.3,0,snapdragon,8.0,2.4,6000.0,1,4,128,6.7,60,2,android,50.0,5.0,1,1600,720
xiaomi,140.48685963424973,7.4,0,helio,8.0,2.2,5000.0,1,4,64,6.58,90,3,android,50.0,8.0,1,2400,1080
xiaomi,166.8160348794962,7.6,0,helio,8.0,2.2,5000.0,1,6,128,6.58,90,3,android,50.0,8.0,1,2400,1080
xiaomi,163.08586653748335,7.4,1,dimensity,8.0,2.2,5000.0,1,4,64,6.58,90,2,android,50.0,5.0,1,2408,1080
xiaomi,193.65386944410804,7.7,1,dimensity,8.0,2.2,5000.0,1,6,128,6.58,90,2,android,50.0,5.0,1,2408,1080
xiaomi,217.87574179484076,7.9,1,snapdragon,8.0,2.0,5100.0,1,6,128,6.73,120,2,android,64.0,16.0,1,2408,1080
xiaomi,133.09918856727626,7.7,1,dimensity,8.0,2.2,5000.0,1,4,128,6.43,90,4,android,48.0,13.0,1,2340,1080
xiaomi,139.15465665495944,6.6,0,snapdragon,8.0,2.0,5000.0,1,4,64,6.22,60,2,android,12.0,8.0,1,1520,720
xiaomi,108.98631464212184,6.8,0,helio,8.0,2.3,5000.0,0,4,64,6.53,60,2,android,13.0,5.0,1,1600,720
xiaomi,90.81991037907231,6.8,0,helio,8.0,2.3,5000.0,0,4,64,6.53,60,2,android,13.0,5.0,1,1600,720
xiaomi,127.15271890517138,7.2,0,helio,8.0,2.3,5000.0,0,6,128,6.53,60,2,android,13.0,5.0,1,1600,720
xiaomi,139.26365508053775,7.4,0,snapdragon,8.0,2.0,6000.0,1,4,64,6.53,60,4,android,48.0,8.0,1,2340,1080
xiaomi,84.76444229138913,6.1,0,helio,8.0,2.0,5000.0,0,2,32,6.53,60,1,android,13.0,5.0,1,1600,720
xiaomi,133.09918856727626,6.9,0,helio,8.0,2.0,5000.0,0,6,128,6.53,60,1,android,13.0,5.0,1,1600,720
xiaomi,78.70897420370595,6.1,0,helio,8.0,2.0,5000.0,0,2,32,6.53,60,1,android,13.0,5.0,1,1600,720
xiaomi,112.61959549473175,6.7,0,helio,8.0,2.0,5000.0,1,4,128,6.53,60,1,android,13.0,5.0,1,1600,720
xiaomi,90.81991037907231,6.6,0,helio,8.0,2.0,5000.0,1,4,64,6.53,60,1,android,13.0,5.0,1,1600,720
xiaomi,74.73658713818578,7.825824800910125,0,helio,4.0,2.0,5000.0,1,2,32,6.52,60,2,android,8.0,5.0,1,1600,720
xiaomi,88.27661378224538,6.0,0,helio,4.0,2.0,5000.0,1,2,32,6.52,60,2,android,8.0,5.0,1,1600,720
xiaomi,101.71975293690203,6.1,0,helio,4.0,2.0,5000.0,1,3,32,6.52,60,2,android,8.0,5.0,1,1600,720
xiaomi,338.98510354850436,8.3,1,dimensity,8.0,2.85,5500.0,1,8,128,6.67,120,3,android,48.0,20.0,0,3200,1440
xiaomi,484.4253360784789,8.5,1,snapdragon,8.0,3.2,5000.0,1,8,128,6.67,144,3,android,108.0,20.0,0,2712,1220
xiaomi,314.87222962334994,8.5,1,dimensity,8.0,2.85,5080.0,1,8,256,6.6,144,3,android,64.0,16.0,0,2460,1080
xiaomi,278.53942109725085,8.2,1,dimensity,8.0,2.85,5080.0,1,6,128,6.6,144,3,android,64.0,16.0,0,2460,1080
xiaomi,363.206975899237,8.4,1,snapdragon,8.0,3.2,5500.0,1,8,128,6.67,120,3,android,64.0,16.0,0,3200,1440
xiaomi,665.980380283396,8.6,1,snapdragon,8.0,3.2,5000.0,1,8,128,6.73,120,3,android,50.0,20.0,0,3200,1440
xiaomi,472.31439990311253,8.5,1,snapdragon,8.0,3.2,5000.0,1,8,128,6.67,120,3,android,54.0,16.0,0,3200,1440
xiaomi,314.87222962334994,8.3,1,dimensity,8.0,3.1,5500.0,1,8,128,6.67,120,3,android,48.0,20.0,0,3200,1440
xiaomi,351.20503814944897,8.5,1,dimensity,8.0,3.1,5080.0,1,8,128,6.67,120,3,android,50.0,32.0,0,2460,1080
xiaomi,169.43199709337534,7.5,0,snapdragon,8.0,2.2,5000.0,1,4,64,6.43,60,4,android,48.0,13.0,1,2400,1080
xiaomi,199.81833595736953,7.8,0,snapdragon,8.0,2.2,5000.0,1,6,128,6.43,60,4,android,48.0,13.0,1,2400,1080
xiaomi,151.2655928303258,7.6,1,dimensity,8.0,2.2,5000.0,1,4,128,6.5,90,3,android,48.0,8.0,1,2400,1080
xiaomi,121.0972508174882,7.6,0,snapdragon,8.0,2.3,5020.0,1,4,64,6.67,60,4,android,48.0,16.0,1,2400,1080
xiaomi,151.3745912559041,7.7,0,snapdragon,8.0,2.3,5020.0,1,4,128,6.67,60,4,android,48.0,16.0,1,2400,1080
xiaomi,145.31912316822093,8.0,0,snapdragon,8.0,2.3,5020.0,1,6,128,6.67,60,4,android,48.0,16.0,1,2400,1080
xiaomi,217.98474022041907,8.1,0,snapdragon,8.0,2.3,5020.0,1,6,128,6.67,120,4,android,64.0,16.0,1,2400,1080
xiaomi,205.8738040450527,8.3,1,dimensity,8.0,2.6,5000.0,1,6,128,6.6,120,3,android,64.0,16.0,1,2400,1080
xiaomi,242.20661257115177,8.1,0,snapdragon,8.0,2.3,5020.0,1,6,64,6.67,120,4,android,108.0,16.0,1,2400,1080
xiaomi,241.97650478381982,8.2,0,snapdragon,8.0,2.3,5020.0,1,6,128,6.67,120,4,android,108.0,16.0,1,2400,1080
xiaomi,133.20818699285456,7.8,0,helio,8.0,2.05,5000.0,1,6,64,6.43,60,4,android,64.0,13.0,1,2400,1080
xiaomi,145.31912316822093,7.9,0,helio,8.0,2.05,5000.0,1,6,128,6.43,60,4,android,64.0,13.0,1,2400,1080
xiaomi,169.54099551895362,8.2,0,helio,8.0,2.05,5000.0,1,8,128,6.43,60,4,android,64.0,13.0,1,2400,1080
xiaomi,157.43005934358726,7.5,1,dimensity,8.0,2.2,5000.0,1,4,64,6.5,90,3,android,48.0,8.0,1,2400,1080
xiaomi,169.54099551895362,7.9,1,dimensity,8.0,2.2,5000.0,1,6,128,6.5,90,3,android,48.0,8.0,1,2400,1080
xiaomi,144.55613418917284,7.6,0,snapdragon,8.0,2.4,5000.0,1,4,64,6.43,90,4,android,50.0,13.0,1,2400,1080
xiaomi,173.06527794598523,8.0,0,snapdragon,8.0,2.4,5000.0,1,6,128,6.43,90,4,android,50.0,13.0,1,2400,1080
xiaomi,147.60809010536516,7.9,0,snapdragon,8.0,2.4,5000.0,1,6,64,6.43,90,4,android,50.0,13.0,1,2400,1080
xiaomi,181.54293326874168,7.7,1,dimensity,8.0,2.4,5000.0,1,4,128,6.6,90,2,android,50.0,16.0,1,2400,1080
xiaomi,217.98474022041907,8.1,0,helio,8.0,2.05,5000.0,1,6,128,6.67,120,4,android,108.0,16.0,1,2400,1080
xiaomi,217.87574179484076,8.1,1,snapdragon,8.0,2.2,5000.0,1,6,64,6.67,120,3,android,108.0,16.0,1,2400,1080
xiaomi,242.20661257115177,8.3,1,snapdragon,8.0,2.4,5200.0,1,6,128,6.67,120,4,android,108.0,32.0,1,2400,1080
xiaomi,242.20661257115177,8.3,1,snapdragon,8.0,2.2,5000.0,1,6,128,6.67,120,3,android,108.0,16.0,1,2400,1080
xiaomi,274.9182511808163,8.6,1,snapdragon,8.0,2.2,5000.0,1,8,128,6.67,120,3,android,108.0,16.0,1,2400,1080
xiaomi,278.53942109725085,8.7,1,snapdragon,8.0,2.2,5000.0,1,8,256,6.67,120,3,android,108.0,16.0,1,2400,1080
xiaomi,169.43199709337534,6.9,1,dimensity,8.0,2.2,5000.0,1,4,128,6.58,90,2,android,50.0,5.0,0,2408,1080
xiaomi,157.32106091800898,7.3,1,dimensity,8.0,2.2,5000.0,1,4,128,6.58,90,2,android,13.0,5.0,1,2400,1080
xiaomi,176.69855879859514,8.0,0,helio,8.0,2.05,5000.0,1,6,64,6.43,90,4,android,108.0,16.0,1,2400,1080
xiaomi,187.70739978200317,8.1,0,helio,8.0,2.05,5000.0,1,6,128,6.43,90,4,android,108.0,16.0,1,2400,1080
xiaomi,191.64345403899722,8.4,0,helio,8.0,2.05,5000.0,1,8,128,6.43,90,4,android,108.0,16.0,1,2400,1080
xiaomi,145.31912316822093,8.0,0,helio,8.0,2.05,5000.0,1,6,64,6.43,60,4,android,64.0,13.0,1,2400,1080
xiaomi,205.8738040450527,7.9,1,dimensity,8.0,2.4,5000.0,1,6,64,6.6,90,2,android,50.0,16.0,1,2400,1080
xiaomi,205.8738040450527,8.1,1,dimensity,8.0,2.4,5000.0,1,6,128,6.6,90,2,android,50.0,16.0,1,2400,1080
xiaomi,224.04020830810222,8.3,1,dimensity,8.0,2.4,5000.0,1,8,128,6.6,90,2,android,50.0,16.0,1,2400,1080
xiaomi,242.09761414557346,8.2,1,dimensity,8.0,2.85,5080.0,1,6,128,6.6,144,3,android,64.0,16.0,1,2460,1080
xiaomi,216.28920915586778,7.6,1,snapdragon,8.0,2.0,5000.0,1,4,128,6.67,120,3,android,48.0,13.0,1,2400,1080
xiaomi,242.07339227322274,7.9,1,snapdragon,8.0,2.0,5000.0,1,6,128,6.67,120,3,android,48.0,13.0,1,2400,1080
xiaomi,169.54099551895362,7.5,0,helio,8.0,2.2,5000.0,1,4,64,6.67,120,3,android,48.0,13.0,1,2400,1080
xiaomi,326.874167373138,8.6,1,dimensity,8.0,2.6,4300.0,1,8,256,6.67,120,3,android,200.0,16.0,0,2400,1080
xiaomi,302.7612934479836,8.9,1,dimensity,8.0,2.6,4300.0,1,8,256,6.67,120,3,android,200.0,16.0,1,2400,1080
xiaomi,326.98316579871624,8.2,1,dimensity,8.0,2.6,5000.0,1,8,128,6.67,120,3,android,50.0,16.0,0,2400,1080
xiaomi,339.0335472932058,8.2,1,dimensity,8.0,2.6,5000.0,1,8,256,6.67,120,3,android,50.0,16.0,0,2400,1080
xiaomi,181.65193169431998,7.7,0,snapdragon,8.0,2.3,5000.0,1,6,128,6.67,120,3,android,50.0,16.0,0,2400,1080
xiaomi,299.89100157442175,7.9,1,dimensity,8.0,2.6,5000.0,1,6,128,6.67,120,3,android,50.0,16.0,0,2400,1080
xiaomi,399.6487828509144,8.3,1,snapdragon,8.0,2.36,5200.0,1,6,128,6.67,120,4,android,108.0,32.0,1,2460,1080
xiaomi,363.31597432481533,8.6,1,dimensity,8.0,2.6,4980.0,1,8,256,6.67,120,3,android,200.0,16.0,0,2400,1080
xiaomi,399.6487828509144,8.7,1,dimensity,8.0,2.6,4980.0,1,12,256,6.67,120,3,android,200.0,16.0,0,2400,1080
xiaomi,326.98316579871624,8.4,1,dimensity,8.0,2.6,4980.0,1,6,128,6.67,120,3,android,200.0,16.0,0,2400,1080
xiaomi,242.20661257115177,8.1,1,snapdragon,8.0,2.4,5000.0,1,8,128,6.67,120,3,android,50.0,16.0,0,2400,1080
xiaomi,193.76286786968635,7.8,1,dimensity,8.0,2.0,5000.0,1,6,64,6.52,90,3,android,64.0,16.0,1,2400,1080
xiaomi,217.87574179484076,7.8,1,dimensity,8.0,2.0,5000.0,1,6,128,6.67,120,3,android,108.0,16.0,0,2460,1080
xiaomi,248.26208065883495,8.3,1,snapdragon,8.0,2.36,5200.0,1,6,128,6.67,120,4,android,108.0,32.0,1,2460,1080
xiaomi,124.74264260627348,6.5,0,snapdragon,8.0,2.0,4100.0,0,4,64,5.5,60,1,android,13.0,5.0,1,1920,1080
xiaomi,120.98825239190991,7.5,0,helio,8.0,2.0,4000.0,1,4,64,6.3,60,4,android,48.0,13.0,1,2340,1080
xiaomi,205.8738040450527,7.8,0,helio,8.0,2.05,4500.0,1,6,64,6.53,60,4,android,64.0,20.0,1,2340,1080
xiaomi,145.19801380646726,7.5,0,helio,8.0,2.0,5020.0,1,4,64,6.53,60,4,android,48.0,13.0,1,2340,1080
xiaomi,169.54099551895362,7.5,0,snapdragon,8.0,2.3,5020.0,1,4,64,6.67,60,4,android,48.0,16.0,1,2400,1080
xiaomi,174.86980743611483,7.7,0,snapdragon,8.0,2.3,5020.0,1,4,128,6.67,60,4,android,48.0,16.0,1,2400,1080
xiaomi,199.70933753179122,8.0,0,snapdragon,8.0,2.3,5020.0,1,6,64,6.67,60,4,android,64.0,32.0,1,2400,1080
zte,242.20661257115177,8.2,1,snapdragon,8.0,3.2,4200.0,1,6,128,6.9,120,4,android,50.0,16.0,1,2460,1080
zte,750.7569335109605,8.9,1,snapdragon,8.0,3.0,5000.0,1,8,128,6.8,120,3,android,64.0,16.0,0,2480,1116
