Company Name,Mobile Weight,RAM,Processor,Battery Capacity,Screen Size,Launched Year,Back Camera 1,Back Camera 2,Back Camera 3,Back Camera 4,Front Camera 1,Front Camera 2,Storage,price
Apple,174.0,6.0,A17 Bionic,3600,6.1,2024,48,0,0,0,12,0,128,799.0
Apple,174.0,6.0,A17 Bionic,3600,6.1,2024,48,0,0,0,12,0,256,849.0
Apple,174.0,6.0,A17 Bionic,3600,6.1,2024,48,0,0,0,12,0,512,899.0
Apple,203.0,6.0,A17 Bionic,4200,6.7,2024,48,0,0,0,12,0,128,899.0
Apple,203.0,6.0,A17 Bionic,4200,6.7,2024,48,0,0,0,12,0,256,949.0
Apple,203.0,6.0,A17 Bionic,4200,6.7,2024,48,0,0,0,12,0,512,999.0
Apple,206.0,6.0,A17 Pro,4400,6.1,2024,50,12,0,0,12,0,128,999.0
Apple,206.0,8.0,A17 Pro,4400,6.1,2024,50,12,0,0,12,0,256,1049.0
Apple,206.0,8.0,A17 Pro,4400,6.1,2024,50,12,0,0,12,0,512,1099.0
Apple,221.0,6.0,A17 Pro,4500,6.7,2024,48,12,0,0,12,0,128,1099.0
Apple,221.0,8.0,A17 Pro,4500,6.7,2024,48,12,0,0,12,0,256,1199.0
Apple,221.0,8.0,A17 Pro,4500,6.7,2024,48,12,0,0,12,0,512,1299.0
Apple,171.0,6.0,A16 Bionic,3200,6.1,2023,48,0,0,0,12,0,128,799.0
Apple,171.0,6.0,A16 Bionic,3200,6.1,2023,48,0,0,0,12,0,256,849.0
Apple,171.0,6.0,A16 Bionic,3200,6.1,2023,48,0,0,0,12,0,512,949.0
Apple,203.0,6.0,A16 Bionic,4300,6.7,2023,48,0,0,0,12,0,128,899.0
Apple,203.0,6.0,A16 Bionic,4300,6.7,2023,48,0,0,0,12,0,256,999.0
Apple,203.0,6.0,A16 Bionic,4300,6.7,2023,48,0,0,0,12,0,512,1049.0
Apple,206.0,6.0,A16 Bionic,4400,6.1,2023,48,12,0,0,12,0,128,1099.0
Apple,206.0,8.0,A16 Bionic,4400,6.1,2023,48,12,0,0,12,0,256,1199.0
Apple,206.0,8.0,A16 Bionic,4400,6.1,2023,48,12,0,0,12,0,512,1299.0
Apple,221.0,6.0,A16 Bionic,4500,6.7,2023,48,12,0,0,12,0,128,1199.0
Apple,221.0,8.0,A16 Bionic,4500,6.7,2023,48,12,0,0,12,0,256,1299.0
Apple,221.0,8.0,A16 Bionic,4500,6.7,2023,48,12,0,0,12,0,512,1399.0
Apple,172.0,6.0,A15 Bionic,3200,6.1,2022,12,12,0,0,12,0,128,799.0
Apple,172.0,6.0,A15 Bionic,3200,6.1,2022,12,12,0,0,12,0,256,849.0
Apple,172.0,6.0,A15 Bionic,3200,6.1,2022,12,12,0,0,12,0,512,949.0
Apple,203.0,6.0,A15 Bionic,4325,6.7,2022,12,12,0,0,12,0,128,899.0
Apple,203.0,6.0,A15 Bionic,4325,6.7,2022,12,12,0,0,12,0,256,999.0
Apple,203.0,6.0,A15 Bionic,4325,6.7,2022,12,12,0,0,12,0,512,1049.0
Apple,206.0,6.0,A16 Bionic,4200,6.1,2022,48,12,0,0,12,0,128,1099.0
Apple,206.0,8.0,A16 Bionic,4200,6.1,2022,48,12,0,0,12,0,256,1199.0
Apple,206.0,8.0,A16 Bionic,4200,6.1,2022,48,12,0,0,12,0,512,1299.0
Apple,221.0,6.0,A16 Bionic,4500,6.7,2022,48,12,0,0,12,0,128,1199.0
Apple,221.0,8.0,A16 Bionic,4500,6.7,2022,48,12,0,0,12,0,256,1299.0
Apple,221.0,8.0,A16 Bionic,4500,6.7,2022,48,12,0,0,12,0,512,1399.0
Apple,140.0,4.0,A15 Bionic,2438,5.4,2021,12,0,0,0,12,0,128,699.0
Apple,140.0,4.0,A15 Bionic,2438,5.4,2021,12,0,0,0,12,0,256,799.0
Apple,140.0,4.0,A15 Bionic,2438,5.4,2021,12,0,0,0,12,0,512,899.0
Apple,174.0,4.0,A15 Bionic,3240,6.1,2021,12,12,0,0,12,0,128,799.0
Apple,174.0,4.0,A15 Bionic,3240,6.1,2021,12,12,0,0,12,0,256,899.0
Apple,174.0,4.0,A15 Bionic,3240,6.1,2021,12,12,0,0,12,0,512,999.0
Apple,204.0,6.0,A15 Bionic,3095,6.1,2021,12,12,12,0,12,0,128,999.0
Apple,204.0,6.0,A15 Bionic,3095,6.1,2021,12,12,12,0,12,0,256,1099.0
Apple,204.0,6.0,A15 Bionic,3095,6.1,2021,12,12,12,0,12,0,512,1199.0
Apple,238.0,6.0,A15 Bionic,4352,6.7,2021,12,12,12,0,12,0,128,1099.0
Apple,238.0,6.0,A15 Bionic,4352,6.7,2021,12,12,12,0,12,0,256,1199.0
Apple,238.0,6.0,A15 Bionic,4352,6.7,2021,12,12,12,0,12,0,512,1399.0
Apple,135.0,4.0,A14 Bionic,2227,5.4,2020,12,0,0,0,12,0,64,699.0
Apple,135.0,4.0,A14 Bionic,2227,5.4,2020,12,0,0,0,12,0,128,799.0
Apple,135.0,4.0,A14 Bionic,2227,5.4,2020,12,0,0,0,12,0,256,899.0
Apple,164.0,4.0,A14 Bionic,2815,6.1,2020,12,12,0,0,12,0,64,799.0
Apple,164.0,4.0,A14 Bionic,2815,6.1,2020,12,12,0,0,12,0,128,899.0
Apple,164.0,4.0,A14 Bionic,2815,6.1,2020,12,12,0,0,12,0,256,999.0
Apple,189.0,6.0,A14 Bionic,2815,6.1,2020,12,12,12,0,12,0,128,999.0
Apple,189.0,6.0,A14 Bionic,2815,6.1,2020,12,12,12,0,12,0,256,1099.0
Apple,189.0,6.0,A14 Bionic,2815,6.1,2020,12,12,12,0,12,0,512,1199.0
Apple,228.0,6.0,A14 Bionic,3687,6.7,2020,12,12,12,0,12,0,128,1099.0
Apple,228.0,6.0,A14 Bionic,3687,6.7,2020,12,12,12,0,12,0,256,1199.0
Apple,228.0,6.0,A14 Bionic,3687,6.7,2020,12,12,12,0,12,0,512,1399.0
Apple,194.0,4.0,A13 Bionic,3110,6.1,2019,12,12,0,0,12,0,64,699.0
Apple,194.0,4.0,A13 Bionic,3110,6.1,2019,12,12,0,0,12,0,128,799.0
Apple,194.0,4.0,A13 Bionic,3110,6.1,2019,12,12,0,0,12,0,256,899.0
Apple,188.0,4.0,A13 Bionic,3046,5.8,2019,12,12,12,0,12,0,64,999.0
Apple,188.0,4.0,A13 Bionic,3046,5.8,2019,12,12,12,0,12,0,256,1099.0
Apple,188.0,4.0,A13 Bionic,3046,5.8,2019,12,12,12,0,12,0,512,1199.0
Apple,226.0,4.0,A13 Bionic,3969,6.5,2019,12,12,12,0,12,0,64,1099.0
Apple,226.0,4.0,A13 Bionic,3969,6.5,2019,12,12,12,0,12,0,256,1199.0
Apple,226.0,4.0,A13 Bionic,3969,6.5,2019,12,12,12,0,12,0,512,1399.0
Apple,174.0,3.0,A11 Bionic,2716,5.8,2017,12,12,0,0,7,0,64,999.0
Apple,174.0,3.0,A11 Bionic,2716,5.8,2017,12,12,0,0,7,0,256,1099.0
Apple,177.0,4.0,A12 Bionic,2658,5.8,2018,12,12,0,0,7,0,64,999.0
Apple,177.0,4.0,A12 Bionic,2658,5.8,2018,12,12,0,0,7,0,256,1099.0
Apple,177.0,4.0,A12 Bionic,2658,5.8,2018,12,12,0,0,7,0,512,1299.0
Apple,208.0,4.0,A12 Bionic,3174,6.5,2018,12,12,0,0,7,0,64,1099.0
Apple,208.0,4.0,A12 Bionic,3174,6.5,2018,12,12,0,0,7,0,256,1249.0
Apple,208.0,4.0,A12 Bionic,3174,6.5,2018,12,12,0,0,7,0,512,1399.0
Apple,194.0,3.0,A12 Bionic,2942,6.1,2018,12,12,0,0,7,0,64,749.0
Apple,194.0,3.0,A12 Bionic,2942,6.1,2018,12,12,0,0,7,0,128,799.0
Apple,194.0,3.0,A12 Bionic,2942,6.1,2018,12,12,0,0,7,0,256,899.0
Apple,458.0,4.0,A14 Bionic,7608,10.9,2020,12,0,0,0,12,0,64,599.0
Apple,458.0,4.0,A14 Bionic,7608,10.9,2020,12,0,0,0,12,0,256,749.0
Apple,490.0,3.0,A13 Bionic,8612,10.2,2020,8,0,0,0,12,0,32,329.0
Apple,490.0,3.0,A13 Bionic,8612,10.2,2020,8,0,0,0,12,0,128,429.0
Apple,300.5,3.0,A12 Bionic,5124,7.9,2019,8,0,0,0,7,0,64,399.0
Apple,300.5,3.0,A12 Bionic,5124,7.9,2019,8,0,0,0,7,0,256,499.0
Apple,468.0,4.0,A12Z Bionic,7812,11.0,2020,12,10,0,0,7,0,128,799.0
Apple,468.0,4.0,A12Z Bionic,7812,11.0,2020,12,10,0,0,7,0,256,899.0
Apple,468.0,6.0,A12Z Bionic,7812,11.0,2020,12,10,0,0,7,0,512,1099.0
Apple,682.0,6.0,A12Z Bionic,9720,12.9,2020,12,10,0,0,7,0,128,999.0
Apple,682.0,6.0,A12Z Bionic,9720,12.9,2020,12,10,0,0,7,0,256,1099.0
Apple,682.0,6.0,A12Z Bionic,9720,12.9,2020,12,10,0,0,7,0,512,1299.0
Apple,708.0,6.0,A12Z Bionic,10307,13.0,2020,12,10,0,0,7,0,128,1099.0
Apple,708.0,6.0,A12Z Bionic,10307,13.0,2020,12,10,0,0,7,0,256,1199.0
Apple,708.0,6.0,A12Z Bionic,10307,13.0,2020,12,10,0,0,7,0,512,1399.0
Apple,708.0,6.0,A12Z Bionic,10307,13.0,2020,12,10,0,0,7,0,1024,1599.0
Samsung,234.0,12.0,Exynos 2400,5000,6.8,2024,200,12,0,0,12,0,128,1199.0
Samsung,234.0,12.0,Exynos 2400,5000,6.8,2024,200,12,0,0,12,0,256,1299.0
Samsung,196.0,8.0,Exynos 2400,4800,6.6,2024,50,12,0,0,12,0,128,899.0
Samsung,196.0,8.0,Exynos 2400,4800,6.6,2024,50,12,0,0,12,0,256,999.0
Samsung,168.0,8.0,Exynos 2400,4000,6.1,2024,50,12,0,0,12,0,128,799.0
Samsung,168.0,8.0,Exynos 2400,4000,6.1,2024,50,12,0,0,12,0,256,899.0
Samsung,228.0,12.0,Snapdragon 8 Gen 2,5000,6.8,2023,200,12,0,0,12,0,128,1199.0
Samsung,228.0,12.0,Snapdragon 8 Gen 2,5000,6.8,2023,200,12,0,0,12,0,256,1299.0
Samsung,196.0,8.0,Snapdragon 8 Gen 2,4700,6.6,2023,50,12,0,0,12,0,128,899.0
Samsung,196.0,8.0,Snapdragon 8 Gen 2,4700,6.6,2023,50,12,0,0,12,0,256,999.0
Samsung,168.0,8.0,Snapdragon 8 Gen 2,3900,6.1,2023,50,12,0,0,12,0,128,799.0
Samsung,168.0,8.0,Snapdragon 8 Gen 2,3900,6.1,2023,50,12,0,0,12,0,256,899.0
Samsung,228.0,12.0,Exynos 2200,5000,6.8,2022,108,12,0,0,10,0,128,1099.0
Samsung,228.0,12.0,Exynos 2200,5000,6.8,2022,108,12,0,0,10,0,256,1199.0
Samsung,195.0,8.0,Exynos 2200,4500,6.6,2022,50,12,0,0,10,0,128,799.0
Samsung,195.0,8.0,Exynos 2200,4500,6.6,2022,50,12,0,0,10,0,256,899.0
Samsung,167.0,8.0,Exynos 2200,3800,6.1,2022,50,12,0,0,10,0,128,699.0
Samsung,167.0,8.0,Exynos 2200,3800,6.1,2022,50,12,0,0,10,0,256,799.0
Samsung,187.0,8.0,Snapdragon 8 Gen 2,3700,6.7,2023,12,12,0,0,12,0,256,999.0
Samsung,187.0,8.0,Snapdragon 8 Gen 2,3700,6.7,2023,12,12,0,0,12,0,512,1099.0
Samsung,187.0,8.0,Snapdragon 8 Gen 1,3700,6.7,2022,12,12,0,0,10,0,256,999.0
Samsung,187.0,8.0,Snapdragon 8 Gen 1,3700,6.7,2022,12,12,0,0,10,0,512,1099.0
Samsung,189.0,6.0,Exynos 1380,5000,6.4,2023,50,12,0,0,32,0,128,399.0
Samsung,189.0,6.0,Exynos 1380,5000,6.4,2023,50,12,0,0,32,0,256,449.0
Samsung,199.0,6.0,MediaTek Dimensity 1080,5000,6.6,2023,48,8,0,0,13,0,128,349.0
Samsung,199.0,6.0,MediaTek Dimensity 1080,5000,6.6,2023,48,8,0,0,13,0,256,399.0
Samsung,195.0,6.0,MediaTek Helio G99,5000,6.5,2023,50,5,0,0,13,0,128,299.0
Samsung,195.0,6.0,MediaTek Helio G99,5000,6.5,2023,50,5,0,0,13,0,256,349.0
Samsung,190.0,4.0,Exynos 850,5000,6.6,2023,50,2,0,0,13,0,128,249.0
Samsung,190.0,4.0,Exynos 850,5000,6.6,2023,50,2,0,0,13,0,256,299.0
Samsung,188.0,4.0,Exynos 850,5000,6.5,2022,50,2,0,0,5,0,64,199.0
Samsung,188.0,4.0,Exynos 850,5000,6.5,2022,50,2,0,0,5,0,128,249.0
Samsung,202.0,8.0,Exynos 1380,6000,6.7,2023,108,8,0,0,32,0,128,349.0
Samsung,202.0,8.0,Exynos 1380,6000,6.7,2023,108,8,0,0,32,0,256,399.0
Samsung,199.0,6.0,Exynos 1280,6000,6.5,2023,50,8,0,0,13,0,128,299.0
Samsung,199.0,6.0,Exynos 1280,6000,6.5,2023,50,8,0,0,13,0,256,349.0
Samsung,202.0,4.0,Exynos 850,6000,6.6,2023,50,2,0,0,13,0,128,249.0
Samsung,202.0,4.0,Exynos 850,6000,6.6,2023,50,2,0,0,13,0,256,299.0
Samsung,188.0,4.0,MediaTek Helio P35,5000,6.5,2022,13,2,0,0,5,0,64,199.0
Samsung,188.0,4.0,MediaTek Helio P35,5000,6.5,2022,13,2,0,0,5,0,128,249.0
Samsung,199.0,8.0,Exynos 1380,6000,6.7,2023,108,8,0,0,32,0,128,349.0
Samsung,199.0,8.0,Exynos 1380,6000,6.7,2023,108,8,0,0,32,0,256,399.0
Samsung,190.0,6.0,Exynos 1280,6000,6.5,2023,50,8,0,0,13,0,128,299.0
Samsung,190.0,6.0,Exynos 1280,6000,6.5,2023,50,8,0,0,13,0,256,349.0
Samsung,198.0,4.0,Exynos 850,6000,6.6,2023,50,2,0,0,13,0,128,249.0
Samsung,198.0,4.0,Exynos 850,6000,6.6,2023,50,2,0,0,13,0,256,299.0
Samsung,208.0,12.0,Exynos 990,4500,6.9,2020,108,12,0,0,10,0,128,1299.0
Samsung,208.0,12.0,Exynos 990,4500,6.9,2020,108,12,0,0,10,0,256,1399.0
Samsung,192.0,8.0,Exynos 990,4300,6.7,2020,108,12,0,0,10,0,128,999.0
Samsung,192.0,8.0,Exynos 990,4300,6.7,2020,108,12,0,0,10,0,256,1099.0
Samsung,196.0,12.0,Exynos 9825,4300,6.8,2019,12,16,0,0,10,0,256,1099.0
Samsung,196.0,12.0,Exynos 9825,4300,6.8,2019,12,16,0,0,10,0,512,1199.0
Samsung,168.0,8.0,Exynos 9825,3500,6.3,2019,12,16,0,0,10,0,256,949.0
Samsung,168.0,8.0,Exynos 9825,3500,6.3,2019,12,16,0,0,10,0,128,899.0
Samsung,235.0,6.0,Exynos 1380,4050,6.6,2022,50,0,0,0,13,0,128,499.0
Samsung,172.0,4.0,Exynos 850,3000,5.3,2020,16,0,0,0,5,0,64,249.0
Samsung,191.0,4.0,Snapdragon 450,3500,6.0,2018,16,5,0,0,16,0,64,199.0
Samsung,181.0,3.0,Exynos 7870,3600,5.5,2017,13,0,0,0,13,0,64,179.0
Samsung,178.0,4.0,Snapdragon 425,3300,6.0,2018,13,5,0,0,8,0,64,169.0
Samsung,175.0,2.0,Exynos 7570,3000,5.5,2018,13,0,0,0,5,0,16,129.0
Samsung,189.0,6.0,Snapdragon 653,4000,6.0,2016,16,8,0,0,16,0,64,399.0
Samsung,165.0,4.0,Snapdragon 625,3300,5.7,2017,16,0,0,0,16,0,64,299.0
Samsung,143.0,4.0,Snapdragon 617,2600,5.2,2016,16,0,0,0,8,0,32,249.0
Samsung,228.0,12.0,Snapdragon 888,4500,7.6,2021,108,12,0,0,10,0,256,1499.0
Samsung,229.0,12.0,Snapdragon 888,4500,7.6,2020,108,12,0,0,10,0,256,1399.0
Samsung,732.0,12.0,Snapdragon 8 Gen 2,11200,14.6,2023,13,8,0,0,12,12,256,1199.0
Samsung,586.0,12.0,Snapdragon 8 Gen 2,10090,12.4,2023,13,8,0,0,12,0,256,999.0
Samsung,498.0,8.0,Snapdragon 8 Gen 2,8400,11.0,2023,13,0,0,0,12,0,128,799.0
Samsung,523.0,6.0,Exynos 1380,8000,10.9,2023,8,0,0,0,12,0,128,549.0
Samsung,726.0,12.0,Snapdragon 8 Gen 1,11200,14.6,2022,13,6,0,0,12,12,256,1099.0
Samsung,567.0,8.0,Snapdragon 8 Gen 1,10090,12.4,2022,13,6,0,0,12,0,256,899.0
Samsung,503.0,8.0,Snapdragon 8 Gen 1,8000,11.0,2022,13,6,0,0,12,0,128,699.0
Samsung,480.0,8.0,Snapdragon 695,7040,11.0,2023,8,0,0,0,5,0,128,229.0
Samsung,366.0,4.0,MediaTek Helio G99,5100,8.7,2023,8,0,0,0,2,0,64,179.0
Samsung,508.0,4.0,Unisoc T618,7040,10.5,2022,8,0,0,0,5,0,64,199.0
Samsung,366.0,3.0,MediaTek Helio P22T,5100,8.7,2021,8,0,0,0,2,0,32,149.0
Samsung,433.0,6.0,Exynos 1380,5050,8.0,2024,13,0,0,0,5,0,128,549.0
Samsung,674.0,6.0,Snapdragon 778G,7600,10.1,2022,13,0,0,0,8,0,128,649.0
Samsung,426.0,4.0,Exynos 9810,5050,8.0,2020,13,0,0,0,5,0,64,499.0
Samsung,490.0,1.5,Spreadtrum SC8830,5000,10.1,2016,5,0,0,0,2,0,16,129.0
Samsung,360.0,1.5,Qualcomm MSM8916,5000,8.0,2016,5,0,0,0,2,0,16,99.0
OnePlus,205.0,12.0,Snapdragon 8 Gen 3,5000,6.7,2024,50,48,0,0,32,0,256,799.0
OnePlus,203.0,12.0,Snapdragon 8 Gen 2,4500,6.7,2024,50,8,0,0,16,0,256,699.0
OnePlus,205.0,12.0,Snapdragon 8 Gen 1,5000,6.7,2023,50,48,0,0,16,0,256,699.0
OnePlus,202.0,12.0,Snapdragon 8 Gen 1,5000,6.7,2023,50,8,0,0,16,0,256,599.0
OnePlus,190.0,12.0,MediaTek Dimensity 9000,5000,6.74,2023,50,8,0,0,16,0,256,499.0
OnePlus,179.0,8.0,Snapdragon 782G,5000,6.72,2023,50,2,0,0,16,0,128,399.0
OnePlus,195.0,8.0,Snapdragon 695,5000,6.72,2023,108,0,0,0,16,0,128,299.0
OnePlus,192.0,8.0,MediaTek Dimensity 6020,5000,6.72,2023,64,2,0,0,16,0,128,249.0
OnePlus,238.0,16.0,Snapdragon 8 Gen 2,4800,7.8,2024,48,48,0,0,32,0,256,1099.0
OnePlus,200.0,12.0,Snapdragon 8 Gen 1,5000,6.7,2022,50,48,0,0,32,0,256,899.0
OnePlus,203.0,12.0,Snapdragon 8+ Gen 1,4500,6.7,2022,50,8,0,0,16,0,256,749.0
OnePlus,192.0,12.0,Snapdragon 888,4500,6.7,2021,48,50,0,0,16,0,256,699.0
OnePlus,183.0,8.0,Snapdragon 888,4500,6.55,2021,48,50,0,0,16,0,128,599.0
OnePlus,204.0,16.0,Snapdragon 8 Gen 2,5000,6.7,2023,50,48,0,0,32,0,256,899.0
OnePlus,190.0,8.0,MediaTek Dimensity 1300,4500,6.43,2022,50,8,0,0,32,0,128,399.0
OnePlus,190.0,8.0,MediaTek Dimensity 1200-AI,4500,6.43,2021,50,8,0,0,32,0,128,349.0
OnePlus,189.0,4.0,Snapdragon 480,5000,6.49,2021,13,2,0,0,16,0,64,199.0
OnePlus,185.0,4.0,Qualcomm Snapdragon 460,5000,6.52,2020,13,2,0,0,8,0,64,179.0
OnePlus,188.0,12.0,Snapdragon 865,4500,6.55,2020,48,16,0,0,16,0,256,749.0
OnePlus,192.0,8.0,Snapdragon 888,4500,6.55,2021,48,50,0,0,16,0,128,649.0
OnePlus,188.0,12.0,Snapdragon 865,4500,6.55,2020,48,16,0,0,16,0,256,599.0
OnePlus,203.0,12.0,Snapdragon 8+ Gen 1,4500,6.7,2022,50,8,0,0,16,0,256,749.0
OnePlus,189.0,8.0,Snapdragon 870,4500,6.55,2021,48,5,0,0,16,0,128,599.0
OnePlus,199.0,12.0,Snapdragon 865,4510,6.78,2020,48,48,0,0,16,0,256,749.0
OnePlus,180.0,8.0,Snapdragon 865,4300,6.55,2020,48,16,0,0,16,0,128,699.0
OnePlus,195.0,6.0,MediaTek Dimensity 900,5000,6.59,2022,64,2,0,0,16,0,128,249.0
OnePlus,173.0,8.0,MediaTek Dimensity 1200,4500,6.43,2022,64,8,0,0,16,0,128,299.0
OnePlus,184.0,6.0,Snapdragon 765G,4115,6.44,2020,48,5,0,0,16,0,128,349.0
OnePlus,170.0,6.0,Snapdragon 750G,4500,6.43,2021,64,8,0,0,16,0,128,299.0
OnePlus,189.0,8.0,MediaTek Dimensity 1200-AI,4500,6.43,2021,50,8,0,0,32,0,128,399.0
OnePlus,185.0,4.0,Qualcomm Snapdragon 460,5000,6.52,2020,13,2,0,0,8,0,64,179.0
OnePlus,190.0,6.0,Qualcomm Snapdragon 690,4300,6.49,2020,64,8,0,0,16,0,128,299.0
OnePlus,192.0,8.0,Snapdragon 865,4300,6.55,2020,48,5,0,0,16,0,128,649.0
OnePlus,190.0,6.0,Snapdragon 855,3700,6.41,2020,48,5,0,0,16,0,128,599.0
OnePlus,185.0,10.0,Snapdragon 845,3700,6.41,2018,20,16,0,0,16,0,256,799.0
OnePlus,162.0,6.0,Snapdragon 835,3300,6.01,2017,16,20,0,0,16,0,128,649.0
OnePlus,210.0,8.0,Snapdragon 8 Gen 2,4500,6.7,2023,50,8,0,0,16,0,128,849.0
OnePlus,202.0,12.0,Snapdragon 8 Gen 2,5000,6.7,2023,50,48,0,0,32,0,128,799.0
OnePlus,205.0,8.0,MediaTek Dimensity 8100,4500,6.7,2022,50,16,0,0,16,0,128,599.0
OnePlus,206.0,12.0,Snapdragon 855,4000,6.67,2019,48,8,0,0,16,0,256,799.0
OnePlus,177.0,6.0,Snapdragon 845,3300,6.28,2018,20,16,0,0,16,0,128,599.0
OnePlus,155.0,8.0,Snapdragon 835,3300,5.5,2017,20,16,0,0,16,0,128,599.0
OnePlus,190.0,8.0,Snapdragon 765G,4000,6.44,2020,64,8,0,0,32,0,128,299.0
OnePlus,199.0,12.0,Snapdragon 865,4510,6.78,2020,48,8,0,0,16,0,256,899.0
OnePlus,188.0,12.0,Snapdragon 865,4500,6.55,2020,48,16,0,0,16,0,256,799.0
OnePlus,206.0,12.0,Snapdragon 855,4085,6.67,2019,48,8,0,0,16,0,256,899.0
OnePlus,210.0,12.0,Snapdragon 8 Gen 3,5000,6.7,2023,50,8,0,0,32,0,128,849.0
OnePlus,202.0,8.0,Snapdragon 8 Gen 2,4800,6.55,2023,64,8,0,0,16,0,128,799.0
OnePlus,215.0,12.0,Snapdragon 8 Gen 2,5000,6.7,2023,50,48,0,0,32,0,256,899.0
OnePlus,200.0,12.0,Snapdragon 8 Gen 2,5000,6.7,2023,50,8,0,0,16,0,256,849.0
Vivo,223.0,12.0,Dimensity 9400,6000,6.78,2024,50,0,0,0,32,0,128,999.0
Vivo,223.0,12.0,Dimensity 9400,6000,6.78,2024,50,0,0,0,32,0,256,1099.0
Vivo,223.0,16.0,Dimensity 9400,6000,6.78,2024,200,0,0,0,32,0,256,1199.0
Vivo,223.0,16.0,Dimensity 9400,6000,6.78,2024,200,0,0,0,32,0,512,1299.0
Vivo,187.0,16.0,Dimensity 9400,5700,6.31,2024,50,0,0,0,32,0,256,949.0
Vivo,179.0,8.0,Snapdragon 778G,4100,6.44,2024,64,0,0,0,44,0,128,449.0
Vivo,190.0,12.0,Dimensity 1200,5000,6.58,2024,64,0,0,0,16,0,128,399.0
Vivo,180.0,8.0,Snapdragon 870,5000,6.67,2024,50,0,0,0,16,0,128,349.0
Vivo,181.0,8.0,Dimensity 900,4500,6.38,2024,64,0,0,0,16,0,128,299.0
Vivo,189.0,12.0,Snapdragon 8 Gen 2,4700,6.56,2024,108,0,0,0,32,0,256,599.0
Vivo,192.0,12.0,Dimensity 1100,4500,6.44,2024,64,0,0,0,32,0,128,549.0
Vivo,210.0,16.0,Snapdragon 8 Gen 3,5000,6.78,2024,50,0,0,0,16,0,256,699.0
Vivo,162.0,6.0,Snapdragon 710,3315,6.3,2018,16,0,0,0,12,0,64,249.0
Vivo,150.0,4.0,Snapdragon 626,3260,6.3,2018,16,0,0,0,24,0,64,219.0
Vivo,199.0,6.0,Snapdragon 653,4000,5.88,2017,16,0,0,0,20,8,128,299.0
Vivo,146.0,3.0,MediaTek Helio P22,3260,6.22,2018,13,0,0,0,5,0,32,149.0
Vivo,146.0,2.0,Snapdragon 615,2300,5.5,2014,13,0,0,0,5,0,16,199.0
Vivo,158.0,4.0,Snapdragon 625,3055,5.5,2017,16,0,0,0,20,8,64,249.0
Vivo,163.0,4.0,Snapdragon 439,4030,6.22,2018,13,2,0,0,20,0,64,199.0
Vivo,168.0,4.0,Snapdragon 652,3000,5.5,2016,13,0,0,0,8,0,32,179.0
Vivo,153.0,1.0,MediaTek MT6592,2000,5.0,2014,13,0,0,0,5,0,16,139.0
Vivo,155.0,3.0,Snapdragon 430,3000,5.5,2017,13,0,0,0,16,0,32,179.0
Vivo,176.0,8.0,Qualcomm Snapdragon 712,4500,6.44,2020,48,0,0,0,32,0,128,399.0
Vivo,176.0,8.0,Qualcomm Snapdragon 712,4500,6.44,2020,48,0,0,0,32,0,256,429.0
Vivo,201.0,8.0,Qualcomm Snapdragon 675,4100,6.44,2019,48,0,0,0,32,0,128,399.0
Vivo,201.0,8.0,Qualcomm Snapdragon 675,4100,6.44,2019,48,0,0,0,32,0,256,429.0
Vivo,191.0,3.0,MediaTek Helio P35,5000,6.51,2020,13,0,0,0,8,0,64,159.0
Vivo,191.0,4.0,MediaTek Helio P35,5000,6.51,2020,13,0,0,0,8,0,128,179.0
Vivo,185.0,6.0,MediaTek Helio P65,4500,6.38,2019,48,0,0,0,32,0,128,249.0
Vivo,185.0,6.0,MediaTek Helio P65,4500,6.38,2019,48,0,0,0,32,0,256,269.0
Vivo,190.0,3.0,Qualcomm Snapdragon 439,5000,6.35,2019,13,0,0,0,8,0,32,149.0
Vivo,190.0,3.0,Qualcomm Snapdragon 439,5000,6.35,2019,13,0,0,0,8,0,64,169.0
Vivo,190.0,6.0,MediaTek Helio P70,4000,6.53,2019,48,0,0,0,32,0,128,299.0
Vivo,190.0,6.0,MediaTek Helio P70,4000,6.53,2019,48,0,0,0,32,0,256,319.0
Vivo,190.0,8.0,Qualcomm Snapdragon 710,4000,6.39,2019,48,0,0,0,32,0,128,499.0
Vivo,190.0,8.0,Qualcomm Snapdragon 710,4000,6.39,2019,48,0,0,0,32,0,256,549.0
Vivo,193.0,4.0,MediaTek Helio P35,5000,6.47,2020,13,0,0,0,8,0,128,199.0
Vivo,193.0,3.0,MediaTek Helio P35,5000,6.47,2020,13,0,0,0,8,0,64,169.0
Vivo,159.0,4.0,Qualcomm Snapdragon 712,4500,6.53,2019,16,0,0,0,16,0,64,249.0
Vivo,159.0,6.0,Qualcomm Snapdragon 712,4500,6.53,2019,16,0,0,0,16,0,128,299.0
Vivo,156.0,6.0,Qualcomm Snapdragon 660,3200,6.28,2018,12,0,0,0,12,0,128,349.0
Vivo,156.0,4.0,Qualcomm Snapdragon 660,3200,6.28,2018,12,0,0,0,12,0,64,299.0
Vivo,172.0,8.0,MediaTek Helio G96,4050,6.44,2021,64,0,0,0,50,0,128,299.0
Vivo,172.0,8.0,MediaTek Helio G96,4050,6.44,2021,64,0,0,0,50,0,256,349.0
Vivo,182.0,8.0,MediaTek Helio G80,5000,6.58,2021,50,0,0,0,16,0,128,239.0
Vivo,182.0,4.0,MediaTek Helio G80,5000,6.58,2021,50,0,0,0,16,0,64,179.0
Vivo,190.0,12.0,Qualcomm Snapdragon 870,4200,6.56,2021,48,0,0,0,32,0,256,899.0
Vivo,190.0,12.0,Qualcomm Snapdragon 870,4200,6.56,2021,48,0,0,0,32,0,512,999.0
Vivo,173.0,8.0,Qualcomm Snapdragon 765G,4000,6.44,2020,64,0,0,0,44,0,128,499.0
Vivo,173.0,8.0,Qualcomm Snapdragon 765G,4000,6.44,2020,64,0,0,0,44,0,256,549.0
Vivo,179.0,8.0,MediaTek Dimensity 700,5000,6.58,2021,50,0,0,0,16,0,128,349.0
Vivo,179.0,8.0,MediaTek Dimensity 700,5000,6.58,2021,50,0,0,0,16,0,256,399.0
Vivo,190.0,6.0,MediaTek Helio G80,5000,6.58,2021,64,0,0,0,16,0,128,229.0
Vivo,190.0,6.0,MediaTek Helio G80,5000,6.58,2021,64,0,0,0,16,0,64,179.0
Vivo,185.0,6.0,Qualcomm Snapdragon 675,3700,6.39,2019,48,0,0,0,32,0,128,399.0
Vivo,185.0,6.0,Qualcomm Snapdragon 675,3700,6.39,2019,48,0,0,0,32,0,256,449.0
Vivo,185.0,8.0,MediaTek Dimensity 1200,4450,6.56,2021,50,0,0,0,32,0,128,749.0
Vivo,185.0,8.0,MediaTek Dimensity 1200,4450,6.56,2021,50,0,0,0,32,0,256,799.0
Vivo,181.0,6.0,Qualcomm Snapdragon 695,5000,6.58,2022,50,0,0,0,16,0,128,269.0
Vivo,181.0,8.0,Qualcomm Snapdragon 695,5000,6.58,2022,50,0,0,0,16,0,256,319.0
Vivo,199.0,8.0,Qualcomm Snapdragon 855,4200,6.44,2019,64,0,0,0,32,0,128,899.0
Vivo,199.0,8.0,Qualcomm Snapdragon 855,4200,6.44,2019,64,0,0,0,32,0,256,949.0
Vivo,182.0,8.0,MediaTek Dimensity 8200,4600,6.78,2023,50,0,0,0,50,0,128,599.0
Vivo,182.0,8.0,MediaTek Dimensity 8200,4600,6.78,2023,50,0,0,0,50,0,256,649.0
Vivo,182.0,8.0,MediaTek Dimensity 8200,4600,6.78,2023,50,0,0,0,50,0,128,699.0
Vivo,182.0,8.0,MediaTek Dimensity 8200,4600,6.78,2023,50,0,0,0,50,0,256,749.0
Vivo,190.0,8.0,MediaTek Dimensity 1300,4830,6.56,2022,64,0,0,0,32,0,128,599.0
Vivo,190.0,8.0,MediaTek Dimensity 1300,4830,6.56,2022,64,0,0,0,32,0,256,649.0
Vivo,221.0,12.0,MediaTek Dimensity 9200,4870,6.78,2022,50,0,0,0,32,0,256,1099.0
Vivo,221.0,12.0,MediaTek Dimensity 9200,4870,6.78,2022,50,0,0,0,32,0,512,1199.0
Vivo,190.0,8.0,MediaTek Dimensity 900,4500,6.44,2023,64,0,0,0,16,0,128,399.0
Vivo,190.0,8.0,MediaTek Dimensity 900,4500,6.44,2023,64,0,0,0,16,0,256,449.0
Vivo,190.0,8.0,Qualcomm Snapdragon 695,4500,6.44,2023,64,0,0,0,16,0,128,299.0
Vivo,190.0,8.0,Qualcomm Snapdragon 695,4500,6.44,2023,64,0,0,0,16,0,256,349.0
Vivo,179.0,8.0,MediaTek Dimensity 920,4200,6.44,2022,64,0,0,0,50,0,128,499.0
Vivo,179.0,8.0,MediaTek Dimensity 920,4200,6.44,2022,64,0,0,0,50,0,256,549.0
Vivo,206.0,12.0,MediaTek Dimensity 9000,4700,6.78,2022,50,0,0,0,32,0,256,899.0
Vivo,206.0,12.0,MediaTek Dimensity 9000,4700,6.78,2022,50,0,0,0,32,0,512,999.0
Vivo,182.0,4.0,MediaTek Helio P35,5000,6.51,2021,13,0,0,0,8,0,128,199.0
Vivo,182.0,4.0,MediaTek Helio P35,5000,6.51,2021,13,0,0,0,8,0,64,179.0
Vivo,498.0,6.0,Snapdragon 870,8040,11.0,2022,13,0,0,0,8,0,128,329.0
Vivo,535.0,8.0,MediaTek Dimensity 1200,8040,11.0,2023,50,0,0,0,8,0,256,399.0
Vivo,510.0,6.0,Snapdragon 870,8040,10.4,2023,13,0,0,0,8,0,128,279.0
Vivo,500.0,6.0,Snapdragon 750G,8040,11.0,2023,13,0,0,0,8,0,128,349.0
Vivo,550.0,8.0,Snapdragon 888,8040,12.3,2023,50,0,0,0,8,0,256,449.0
Vivo,560.0,8.0,MediaTek Dimensity 9000,8040,12.9,2024,50,0,0,0,8,0,256,499.0
iQOO,520.0,6.0,Snapdragon 870,8040,11.0,2023,13,0,0,0,8,0,128,349.0
iQOO,540.0,8.0,Snapdragon 888,8040,12.3,2024,50,0,0,0,8,0,256,399.0
iQOO,555.0,8.0,Snapdragon 8 Gen 1,8040,12.3,2024,50,0,0,0,8,0,256,449.0
Oppo,239.0,12.0,Snapdragon 8 Gen 2,4805,7.82,2023,48,64,48,0,32,0,512,1399.0
Oppo,198.0,12.0,MediaTek Dimensity 9200,4300,6.8,2023,50,32,48,0,32,0,256,999.0
Oppo,210.0,12.0,Snapdragon 8 Gen 2,5000,6.8,2024,50,50,50,0,32,0,256,1299.0
Oppo,195.0,8.0,Snapdragon 8 Gen 2,4800,6.7,2024,50,50,0,0,32,0,256,1099.0
Oppo,192.0,8.0,MediaTek Helio G100,5800,6.67,2025,50,8,2,0,32,0,256,499.0
Oppo,192.0,8.0,MediaTek Helio G100,5800,6.67,2025,50,8,2,0,32,0,256,499.0
Oppo,210.0,12.0,MediaTek Dimensity 8350,5800,6.83,2025,50,50,8,0,50,0,512,799.0
Oppo,200.0,12.0,MediaTek Dimensity 8350,5600,6.59,2025,50,8,0,0,50,0,256,699.0
Oppo,187.0,8.0,Snapdragon 685,5000,6.7,2024,50,8,2,0,32,0,256,449.0
Oppo,187.0,8.0,Snapdragon 685,5000,6.7,2024,50,8,2,0,32,0,256,449.0
Oppo,190.0,12.0,MediaTek Dimensity 8200,4600,6.74,2024,50,32,8,0,32,0,512,749.0
Oppo,185.0,8.0,MediaTek Dimensity 7050,5000,6.7,2024,50,8,0,0,32,0,256,599.0
Oppo,185.0,8.0,MediaTek Dimensity 7050,5000,6.7,2024,64,8,2,0,32,0,256,499.0
Oppo,190.0,12.0,MediaTek Dimensity 8200,4600,6.74,2024,50,32,8,0,32,0,512,699.0
Oppo,180.0,8.0,Dimensity 7300,6000,6.7,2024,50,2,0,0,16,0,256,599.0
Oppo,186.0,12.0,Dimensity 7300,6000,6.7,2024,50,2,0,0,16,0,512,699.0
Oppo,186.0,8.0,Dimensity 6300,5100,6.67,2024,50,2,0,0,8,0,256,499.0
Oppo,186.0,4.0,Snapdragon 6s 4G Gen 1,5000,6.7,2024,50,0,0,0,5,0,128,399.0
Oppo,186.0,4.0,Snapdragon 6s 4G Gen 1,5100,6.67,2024,8,2,0,0,8,0,128,449.0
Oppo,186.0,6.0,Snapdragon 6s 4G Gen 1,5100,6.67,2024,8,2,0,0,8,0,256,499.0
Oppo,186.0,4.0,Snapdragon 6s 4G Gen 1,5000,6.7,2024,50,0,0,0,5,0,128,399.0
Oppo,186.0,4.0,Snapdragon 6s 4G Gen 1,5100,6.67,2024,8,2,0,0,8,0,128,449.0
Oppo,186.0,6.0,Snapdragon 6s 4G Gen 1,5100,6.67,2024,8,2,0,0,8,0,256,499.0
Oppo,186.0,8.0,Snapdragon 680 4G,5000,6.67,2024,50,2,0,0,8,0,128,449.0
Oppo,186.0,8.0,Snapdragon 680 4G,5000,6.67,2024,50,2,0,0,8,0,256,499.0
Oppo,192.0,8.0,Snapdragon 7 Gen 3,6400,6.7,2024,50,0,0,0,16,0,256,699.0
Oppo,192.0,12.0,Snapdragon 7 Gen 3,6400,6.7,2024,50,0,0,0,16,0,512,799.0
Oppo,175.0,8.0,Dimensity 7050,5000,6.7,2024,64,2,0,0,32,0,128,499.0
Oppo,175.0,8.0,Dimensity 7050,5000,6.7,2024,64,2,0,0,32,0,256,549.0
Oppo,177.0,8.0,Dimensity 7050,5000,6.7,2024,64,2,0,0,32,0,256,599.0
Oppo,177.0,12.0,Dimensity 7050,5000,6.7,2024,64,2,0,0,32,0,512,699.0
Oppo,173.0,8.0,Snapdragon 778G,4500,6.55,2023,64,2,0,0,32,0,128,549.0
Oppo,173.0,8.0,Snapdragon 778G,4500,6.55,2023,64,2,0,0,32,0,256,599.0
Oppo,533.0,8.0,Dimensity 8350,9510,11.6,2024,13,0,0,0,8,0,128,699.0
Oppo,533.0,12.0,Dimensity 8350,9510,11.6,2024,13,0,0,0,8,0,256,799.0
Oppo,586.0,12.0,Snapdragon 8 Gen 3,9510,12.1,2024,13,0,0,0,8,0,256,899.0
Oppo,586.0,16.0,Snapdragon 8 Gen 3,9510,12.1,2024,13,0,0,0,8,0,512,999.0
Oppo,520.0,6.0,Snapdragon 870,8360,11.0,2023,13,0,0,0,8,0,128,499.0
Oppo,520.0,8.0,Snapdragon 870,8360,11.0,2023,13,0,0,0,8,0,256,599.0
Oppo,221.0,12.0,Snapdragon 8 Gen 3,5000,6.82,2024,50,50,50,0,32,0,256,1199.0
Oppo,221.0,16.0,Snapdragon 8 Gen 3,5000,6.82,2024,50,50,50,0,32,0,512,1299.0
Oppo,206.0,12.0,Dimensity 9300,5000,6.78,2024,50,50,64,0,32,0,256,1099.0
Oppo,206.0,16.0,Dimensity 9300,5000,6.78,2024,50,50,64,0,32,0,512,1199.0
Oppo,218.0,12.0,Snapdragon 8 Gen 2,5000,6.82,2023,50,50,50,0,32,0,256,999.0
Oppo,218.0,16.0,Snapdragon 8 Gen 2,5000,6.82,2023,50,50,50,0,32,0,512,1099.0
Oppo,207.0,12.0,Dimensity 9200,4800,6.74,2023,50,50,50,0,32,0,256,899.0
Oppo,207.0,16.0,Dimensity 9200,4800,6.74,2023,50,50,50,0,32,0,512,999.0
Oppo,218.0,12.0,Snapdragon 8 Gen 1,5000,6.7,2022,50,50,13,0,32,0,256,899.0
Oppo,218.0,16.0,Snapdragon 8 Gen 1,5000,6.7,2022,50,50,13,0,32,0,512,999.0
Oppo,196.0,8.0,Snapdragon 888,4800,6.55,2022,50,50,13,0,32,0,256,799.0
Oppo,191.0,8.0,Dimensity 9000+,4300,6.8,2023,50,8,0,0,32,0,256,899.0
Oppo,191.0,12.0,Dimensity 9000+,4300,6.8,2023,50,8,0,0,32,0,512,999.0
Oppo,233.0,12.0,Snapdragon 8+ Gen 1,4520,7.1,2022,50,48,32,0,32,0,256,1099.0
Oppo,180.0,8.0,Dimensity 7050,5000,6.7,2023,64,32,8,0,32,0,128,499.0
Oppo,180.0,8.0,Dimensity 7050,5000,6.7,2023,64,32,8,0,32,0,256,549.0
Oppo,186.0,12.0,Snapdragon 778G,4600,6.7,2023,50,32,8,0,32,0,256,599.0
Oppo,194.0,16.0,Snapdragon 8+ Gen 1,4700,6.74,2023,50,64,8,0,32,0,256,699.0
Oppo,174.0,8.0,Snapdragon 778G,4500,6.7,2022,64,2,0,0,32,0,128,449.0
Oppo,174.0,12.0,Snapdragon 778G,4500,6.7,2022,64,2,0,0,32,0,256,499.0
Oppo,184.0,16.0,Dimensity 8100,4500,6.7,2022,50,8,0,0,32,0,256,599.0
Oppo,192.0,16.0,Snapdragon 8+ Gen 1,4700,6.7,2022,50,8,2,0,32,0,256,649.0
Oppo,179.0,8.0,Dimensity 1300,4500,6.4,2022,50,8,2,0,32,0,128,399.0
Oppo,179.0,12.0,Dimensity 1300,4500,6.4,2022,50,8,2,0,32,0,256,449.0
Oppo,183.0,12.0,Dimensity 8100,4500,6.7,2022,50,8,2,0,32,0,256,549.0
Oppo,195.0,12.0,Dimensity 8100,4500,6.7,2022,50,8,2,0,32,0,256,599.0
Oppo,173.0,8.0,Dimensity 900,4500,6.4,2021,64,8,2,0,32,0,128,349.0
Oppo,173.0,12.0,Dimensity 900,4500,6.4,2021,64,8,2,0,32,0,256,399.0
Oppo,180.0,12.0,Dimensity 1200,4500,6.55,2021,50,8,2,0,32,0,256,499.0
Oppo,182.0,8.0,Dimensity 900,4300,6.43,2021,64,8,2,0,32,0,128,349.0
Oppo,182.0,12.0,Dimensity 900,4300,6.43,2021,64,8,2,0,32,0,256,399.0
Oppo,177.0,8.0,Dimensity 1200,4500,6.55,2021,64,8,2,2,32,0,128,449.0
Oppo,177.0,12.0,Dimensity 1200,4500,6.55,2021,64,8,2,2,32,0,256,499.0
Oppo,188.0,12.0,Snapdragon 870,4500,6.55,2021,50,13,16,2,32,0,256,599.0
Oppo,180.0,8.0,Snapdragon 765G,4300,6.43,2020,64,8,2,2,32,0,128,299.0
Oppo,180.0,12.0,Snapdragon 765G,4300,6.43,2020,64,8,2,2,32,0,256,349.0
Oppo,173.0,8.0,Dimensity 1000+,4350,6.55,2020,64,8,2,2,32,0,128,399.0
Oppo,173.0,12.0,Dimensity 1000+,4350,6.55,2020,64,8,2,2,32,0,256,449.0
Oppo,184.0,12.0,Snapdragon 865,4500,6.55,2020,50,16,13,2,32,0,256,599.0
Oppo,183.0,8.0,Snapdragon 765G,4000,6.43,2020,48,8,2,2,32,0,128,299.0
Oppo,183.0,8.0,Snapdragon 765G,4000,6.43,2020,48,8,2,2,32,0,256,349.0
Oppo,172.0,12.0,Snapdragon 765G,4000,6.55,2020,48,13,12,0,32,0,256,499.0
Oppo,181.0,8.0,Dimensity 1000L,4025,6.4,2019,64,8,2,2,32,0,128,249.0
Oppo,181.0,12.0,Dimensity 1000L,4025,6.4,2019,64,8,2,2,32,0,256,299.0
Oppo,171.0,12.0,Snapdragon 765G,4025,6.5,2019,48,13,8,2,32,0,256,499.0
Oppo,186.0,6.0,MediaTek Dimensity 6020,5000,6.56,2023,13,2,0,0,8,0,128,199.0
Oppo,186.0,8.0,MediaTek Dimensity 6020,5000,6.56,2023,13,2,0,0,8,0,256,229.0
Oppo,188.0,8.0,MediaTek Dimensity 700,5000,6.56,2022,50,2,0,0,8,0,256,249.0
Oppo,186.0,6.0,MediaTek Dimensity 810,5000,6.56,2022,13,2,0,0,8,0,128,219.0
Oppo,189.0,6.0,MediaTek Dimensity 700,5000,6.5,2021,13,2,0,0,8,0,128,199.0
Oppo,186.0,6.0,MediaTek Dimensity 700,5000,6.5,2021,13,2,2,0,8,0,128,189.0
Oppo,190.0,6.0,Qualcomm Snapdragon 480,5000,6.5,2021,48,8,2,2,16,0,128,219.0
Oppo,175.0,4.0,MediaTek Dimensity 720,4040,6.5,2020,16,2,2,0,8,0,128,179.0
Oppo,184.0,4.0,MediaTek Dimensity 720,4000,6.5,2020,12,8,2,2,8,0,128,169.0
Oppo,186.0,4.0,MediaTek Dimensity 700,4000,6.5,2020,13,2,2,0,8,0,128,149.0
Oppo,185.0,4.0,MediaTek Dimensity 700,4000,6.5,2020,13,2,0,0,8,0,128,139.0
Oppo,185.0,4.0,MediaTek Dimensity 700,4000,6.5,2020,13,2,0,0,8,0,128,129.0
Oppo,186.0,4.0,Qualcomm Snapdragon 6s Gen 1,5100,6.67,2024,50,0,0,0,5,0,128,199.0
Oppo,186.0,6.0,Qualcomm Snapdragon 6s Gen 1,5100,6.67,2024,50,0,0,0,5,0,256,229.0
Oppo,195.0,8.0,Qualcomm Snapdragon 695,5000,6.72,2023,108,2,0,0,16,0,128,199.0
Oppo,195.0,12.0,Qualcomm Snapdragon 695,5000,6.72,2023,108,2,0,0,16,0,256,229.0
Oppo,195.0,6.0,Qualcomm Snapdragon 695,5000,6.59,2022,64,2,2,0,16,0,128,199.0
Oppo,195.0,8.0,Qualcomm Snapdragon 695,5000,6.59,2022,64,2,2,0,16,0,256,229.0
Oppo,205.0,8.0,MediaTek Dimensity 8000-Max,5000,6.59,2022,64,8,2,0,16,0,128,249.0
Oppo,194.0,6.0,MediaTek Dimensity 810,5000,6.5,2021,64,2,2,0,16,0,128,199.0
Oppo,194.0,8.0,MediaTek Dimensity 810,5000,6.5,2021,64,2,2,0,16,0,256,229.0
Oppo,180.0,8.0,MediaTek Dimensity 1200,4500,6.43,2021,64,8,2,0,16,0,128,299.0
Oppo,180.0,12.0,MediaTek Dimensity 1200,4500,6.43,2021,64,8,2,0,16,0,256,329.0
Oppo,172.0,8.0,Qualcomm Snapdragon 768G,4300,6.43,2021,64,8,2,0,32,0,128,279.0
Oppo,172.0,8.0,Qualcomm Snapdragon 768G,4300,6.43,2021,64,8,2,0,32,0,256,299.0
Oppo,194.0,6.0,MediaTek Dimensity 720,5000,6.5,2020,48,8,2,2,16,0,128,199.0
Oppo,180.0,8.0,Qualcomm Snapdragon 765G,4025,6.4,2020,48,8,2,2,32,0,128,279.0
Oppo,180.0,8.0,Qualcomm Snapdragon 765G,4025,6.4,2020,48,8,2,2,32,0,256,299.0
Oppo,184.0,8.0,Qualcomm Snapdragon 782G,5000,6.7,2023,64,8,2,0,16,0,128,259.0
Oppo,184.0,12.0,Qualcomm Snapdragon 782G,5000,6.7,2023,64,8,2,0,16,0,256,299.0
Oppo,205.0,12.0,MediaTek Dimensity 8000-Max,5000,6.59,2022,64,8,2,0,16,0,256,279.0
Realme,222.8,12.0,Qualcomm Snapdragon 8 Elite,6500,6.78,2024,50,50,8,0,16,0,128,470.0
Realme,222.8,16.0,Qualcomm Snapdragon 8 Elite,6500,6.78,2024,50,50,8,0,16,0,256,500.0
Realme,191.0,8.0,Qualcomm Snapdragon 8s Gen 3,5500,6.78,2023,50,8,50,0,32,0,128,380.0
Realme,191.0,12.0,Qualcomm Snapdragon 8s Gen 3,5500,6.78,2023,50,8,50,0,32,0,256,400.0
Realme,191.0,16.0,Qualcomm Snapdragon 8s Gen 3,5500,6.78,2023,50,8,50,0,32,0,512,420.0
Realme,191.0,8.0,Qualcomm Snapdragon 7 Plus Gen 3,5500,6.78,2023,50,8,0,0,32,0,128,360.0
Realme,191.0,8.0,Qualcomm Snapdragon 7 Plus Gen 3,5500,6.78,2023,50,8,0,0,32,0,256,380.0
Realme,184.0,12.0,Qualcomm Snapdragon 7s Gen 3,6000,6.83,2025,50,8,50,0,16,0,256,340.0
Realme,184.0,12.0,Qualcomm Snapdragon 7s Gen 3,6000,6.83,2025,50,8,50,0,16,0,512,360.0
Realme,184.0,8.0,MediaTek Dimensity 7300 Energy,5800,6.7,2025,50,8,0,0,16,0,128,320.0
Realme,184.0,8.0,MediaTek Dimensity 7300 Energy,5800,6.7,2025,50,8,0,0,16,0,256,340.0
Realme,190.0,6.0,Qualcomm Snapdragon 7s Gen 2,5500,6.6,2025,48,2,2,0,16,0,128,270.0
Realme,190.0,8.0,Qualcomm Snapdragon 7s Gen 2,5500,6.6,2025,48,2,2,0,16,0,256,290.0
Realme,185.0,8.0,MediaTek Dimensity 7200,5000,6.5,2024,50,2,0,0,16,0,128,250.0
Realme,185.0,8.0,MediaTek Dimensity 7200,5000,6.5,2024,50,2,0,0,16,0,256,270.0
Realme,190.0,6.0,MediaTek Dimensity 6100+,5000,6.6,2024,50,2,0,0,16,0,128,220.0
Realme,190.0,8.0,MediaTek Dimensity 6100+,5000,6.6,2024,50,2,0,0,16,0,256,240.0
Realme,192.0,8.0,Qualcomm Snapdragon 7s Gen 2,5200,6.7,2024,50,8,2,0,16,0,128,300.0
Realme,192.0,12.0,Qualcomm Snapdragon 7s Gen 2,5200,6.7,2024,50,8,2,0,16,0,256,320.0
Realme,195.0,12.0,Qualcomm Snapdragon 7+ Gen 2,5500,6.78,2024,50,8,50,0,32,0,256,360.0
Realme,195.0,16.0,Qualcomm Snapdragon 7+ Gen 2,5500,6.78,2024,50,8,50,0,32,0,512,380.0
Realme,185.0,8.0,MediaTek Dimensity 8100,5100,6.7,2024,64,2,0,0,16,0,128,250.0
Realme,185.0,12.0,MediaTek Dimensity 8100,5100,6.7,2024,64,2,0,0,16,0,256,270.0
Realme,188.0,12.0,Qualcomm Snapdragon 7+ Gen 3,5500,6.78,2024,50,8,50,0,32,0,256,340.0
Realme,188.0,16.0,Qualcomm Snapdragon 7+ Gen 3,5500,6.78,2024,50,8,50,0,32,0,512,360.0
Realme,184.0,6.0,MediaTek Dimensity 6100+,5000,6.6,2024,50,2,0,0,16,0,128,200.0
Realme,184.0,8.0,MediaTek Dimensity 6100+,5000,6.6,2024,50,2,0,0,16,0,256,220.0
Realme,190.0,8.0,Qualcomm Snapdragon 7s Gen 1,5200,6.7,2024,64,2,0,0,16,0,128,270.0
Realme,190.0,12.0,Qualcomm Snapdragon 7s Gen 1,5200,6.7,2024,64,2,0,0,16,0,256,290.0
Realme,200.0,8.0,MediaTek Dimensity 810,5000,6.6,2024,50,2,0,0,16,0,128,240.0
Realme,200.0,8.0,MediaTek Dimensity 810,5000,6.6,2024,50,2,0,0,16,0,256,260.0
Realme,195.0,6.0,MediaTek Helio G99,5000,6.5,2024,50,2,0,0,16,0,128,180.0
Realme,193.0,6.0,MediaTek Helio G88,5000,6.5,2024,50,2,0,0,16,0,128,160.0
Realme,198.0,8.0,MediaTek Dimensity 700,5000,6.6,2024,50,2,0,0,16,0,128,210.0
Realme,198.0,8.0,MediaTek Dimensity 810,5200,6.6,2024,50,2,0,0,16,0,128,230.0
Realme,190.0,6.0,MediaTek Helio G85,5000,6.6,2024,50,2,0,0,8,0,128,160.0
Realme,190.0,8.0,MediaTek Helio G85,5000,6.6,2024,50,2,0,0,8,0,256,180.0
Realme,189.0,4.0,Unisoc T612,5000,6.5,2024,50,2,0,0,8,0,128,130.0
Realme,195.0,6.0,MediaTek Helio G88,5000,6.6,2024,50,2,0,0,8,0,128,170.0
Realme,195.0,8.0,MediaTek Helio G88,5000,6.6,2024,50,2,0,0,8,0,256,190.0
Realme,192.0,6.0,Qualcomm Snapdragon 680,5000,6.6,2024,50,2,0,0,8,0,128,160.0
Realme,192.0,8.0,Qualcomm Snapdragon 680,5000,6.6,2024,50,2,0,0,8,0,256,180.0
Realme,191.0,6.0,MediaTek Helio G85,5000,6.6,2024,50,2,0,0,8,0,128,150.0
Realme,189.0,6.0,MediaTek Helio G88,5000,6.72,2023,64,2,0,0,8,0,128,170.0
Realme,189.0,8.0,MediaTek Helio G88,5000,6.72,2023,64,2,0,0,8,0,256,190.0
Realme,198.0,6.0,MediaTek Dimensity 6100+,5200,6.6,2024,50,2,0,0,16,0,128,210.0
Realme,196.0,6.0,MediaTek Dimensity 810,5200,6.6,2024,50,2,0,0,16,0,128,220.0
Realme,196.0,8.0,MediaTek Dimensity 810,5200,6.6,2024,50,2,0,0,16,0,256,240.0
Realme,195.0,6.0,MediaTek Helio G99,5000,6.5,2024,50,2,0,0,16,0,128,170.0
Realme,199.0,8.0,Qualcomm Snapdragon 8 Gen 2,5200,6.8,2024,50,8,2,0,16,0,128,440.0
Realme,199.0,12.0,Qualcomm Snapdragon 8 Gen 2,5200,6.8,2024,50,8,2,0,16,0,256,500.0
Realme,193.0,8.0,MediaTek Dimensity 8200,5000,6.7,2024,64,8,2,0,16,0,128,330.0
Realme,193.0,12.0,MediaTek Dimensity 8200,5000,6.7,2024,64,8,2,0,16,0,256,380.0
Realme,195.0,8.0,MediaTek Dimensity 9200,5100,6.7,2024,50,8,0,0,16,0,128,350.0
Realme,195.0,12.0,MediaTek Dimensity 9200,5100,6.7,2024,50,8,0,0,16,0,256,400.0
Realme,440.0,4.0,MediaTek Helio G80,7100,10.4,2021,8,0,0,0,8,0,64,200.0
Realme,440.0,6.0,MediaTek Helio G80,7100,10.4,2021,8,0,0,0,8,0,128,230.0
Realme,482.0,6.0,MediaTek Helio G99,8360,11.5,2023,8,0,0,0,8,0,128,280.0
Realme,482.0,8.0,MediaTek Helio G99,8360,11.5,2023,8,0,0,0,8,0,256,320.0
Realme,466.0,4.0,MediaTek Helio G85,7100,10.4,2023,8,0,0,0,8,0,64,190.0
Realme,466.0,6.0,MediaTek Helio G85,7100,10.4,2023,8,0,0,0,8,0,128,210.0
Realme,499.0,4.0,Qualcomm Snapdragon 695,8340,11.0,2022,13,0,0,0,8,0,64,310.0
Realme,499.0,6.0,Qualcomm Snapdragon 695,8340,11.0,2022,13,0,0,0,8,0,128,350.0
Realme,372.0,3.0,Unisoc T616,6400,8.7,2022,8,0,0,0,5,0,32,160.0
Realme,372.0,4.0,Unisoc T616,6400,8.7,2022,8,0,0,0,5,0,64,180.0
Realme,440.0,4.0,MediaTek Helio G80,7100,10.4,2022,8,0,0,0,8,0,64,200.0
Realme,440.0,6.0,MediaTek Helio G80,7100,10.4,2022,8,0,0,0,8,0,128,220.0
Realme,465.0,4.0,MediaTek Helio G85,7200,10.5,2024,8,0,0,0,8,0,64,210.0
Realme,465.0,6.0,MediaTek Helio G85,7200,10.5,2024,8,0,0,0,8,0,128,230.0
Xiaomi,210.0,12.0,Snapdragon 8 Elite,6100,6.73,2024,50,50,50,0,32,0,256,799.0
Xiaomi,210.0,16.0,Snapdragon 8 Elite,6100,6.73,2024,50,50,50,0,32,0,512,899.0
Xiaomi,210.0,16.0,Snapdragon 8 Elite,6100,6.73,2024,50,50,50,0,32,0,1024,999.0
Xiaomi,190.0,12.0,Snapdragon 8 Elite,5400,6.36,2024,50,50,0,0,32,0,256,699.0
Xiaomi,190.0,16.0,Snapdragon 8 Elite,5400,6.36,2024,50,50,0,0,32,0,512,799.0
Xiaomi,209.0,12.0,Dimensity 9300+,5000,6.67,2024,50,50,50,0,32,0,256,634.99
Xiaomi,209.0,12.0,Dimensity 9300+,5000,6.67,2024,50,50,50,0,32,0,512,790.77
Xiaomi,209.0,12.0,Dimensity 9300+,5000,6.67,2024,50,50,50,0,32,0,1024,899.0
Xiaomi,195.0,12.0,Dimensity 8300-Ultra,5000,6.67,2024,50,50,0,0,32,0,256,599.0
Xiaomi,195.0,12.0,Dimensity 8300-Ultra,5000,6.67,2024,50,50,0,0,32,0,512,699.0
Xiaomi,206.0,12.0,Snapdragon 8 Gen 3,5000,6.73,2023,50,50,50,0,32,0,256,799.0
Xiaomi,206.0,12.0,Snapdragon 8 Gen 3,5000,6.73,2023,50,50,50,0,32,0,512,899.0
Xiaomi,189.0,12.0,Snapdragon 8 Gen 3,4610,6.36,2023,50,50,0,0,32,0,256,699.0
Xiaomi,189.0,12.0,Snapdragon 8 Gen 3,4610,6.36,2023,50,50,0,0,32,0,512,799.0
Xiaomi,205.0,8.0,Snapdragon 7s Gen 3,5110,6.67,2024,200,8,2,0,16,0,128,374.9
Xiaomi,205.0,12.0,Snapdragon 7s Gen 3,5110,6.67,2024,200,8,2,0,16,0,256,399.0
Xiaomi,205.0,16.0,Snapdragon 7s Gen 3,5110,6.67,2024,200,8,2,0,16,0,512,429.0
Xiaomi,195.0,8.0,MediaTek Dimensity 7300-Ultra,5500,6.67,2024,108,8,2,0,16,0,128,349.0
Xiaomi,195.0,12.0,MediaTek Dimensity 7300-Ultra,5500,6.67,2024,108,8,2,0,16,0,256,379.0
Xiaomi,190.0,6.0,Qualcomm Snapdragon 732G,5000,6.67,2024,108,8,2,0,16,0,128,299.0
Xiaomi,190.0,8.0,Qualcomm Snapdragon 732G,5000,6.67,2024,108,8,2,0,16,0,256,329.0
Xiaomi,185.0,6.0,MediaTek Dimensity 7025-Ultra,5000,6.67,2024,50,8,2,0,16,0,128,279.0
Xiaomi,185.0,8.0,MediaTek Dimensity 7025-Ultra,5000,6.67,2024,50,8,2,0,16,0,256,309.0
Xiaomi,180.0,4.0,Qualcomm Snapdragon 680,5000,6.67,2024,50,8,2,0,16,0,128,249.0
Xiaomi,180.0,6.0,Qualcomm Snapdragon 680,5000,6.67,2024,50,8,2,0,16,0,256,279.0
Xiaomi,195.0,4.0,MediaTek Dimensity 700,5000,6.5,2024,50,2,0,0,8,0,64,199.0
Xiaomi,195.0,6.0,MediaTek Dimensity 700,5000,6.5,2024,50,2,0,0,8,0,128,229.0
Lenovo,209.0,8.0,Snapdragon 8+ Gen 1,5100,6.67,2022,50,0,0,0,16,0,128,499.0
Lenovo,209.0,12.0,Snapdragon 8+ Gen 1,5100,6.67,2022,50,0,0,0,16,0,256,549.0
Lenovo,209.0,16.0,Snapdragon 8+ Gen 1,5100,6.67,2022,50,0,0,0,16,0,512,599.0
Lenovo,198.0,4.0,Unisoc T700,5000,6.5,2022,48,0,0,0,8,0,64,199.0
Lenovo,198.0,6.0,Unisoc T700,5000,6.5,2022,48,0,0,0,8,0,128,229.0
Lenovo,200.0,6.0,Snapdragon 662,5000,6.8,2021,64,0,0,0,16,0,128,249.0
Lenovo,190.0,2.0,Unisoc SC9863A,5000,6.52,2021,13,0,0,0,5,0,32,149.0
Lenovo,200.0,4.0,Snapdragon 460,5000,6.5,2021,48,0,0,0,8,0,64,199.0
Lenovo,172.0,4.0,Snapdragon 632,4050,6.22,2019,13,0,0,0,16,0,64,179.0
Lenovo,172.0,3.0,Helio P22,4000,6.09,2019,13,0,0,0,5,0,32,149.0
Lenovo,164.0,4.0,Snapdragon 710,4050,6.3,2019,16,0,0,0,16,0,64,219.0
Lenovo,164.0,6.0,Snapdragon 710,4050,6.3,2019,16,0,0,0,16,0,128,249.0
Lenovo,185.0,6.0,Snapdragon 855,4000,6.39,2019,48,0,0,0,32,0,128,429.0
Lenovo,185.0,8.0,Snapdragon 855,4000,6.39,2019,48,0,0,0,32,0,256,479.0
Lenovo,210.0,6.0,Snapdragon 710,3350,6.39,2018,16,0,0,0,16,0,64,299.0
Motorola,168.0,8.0,Snapdragon 7 Gen 1,5000,6.7,2024,50,0,0,0,32,0,128,499.0
Motorola,168.0,12.0,Snapdragon 7 Gen 1,5000,6.7,2024,50,0,0,0,32,0,256,549.0
Motorola,186.0,8.0,Snapdragon 7 Gen 3,4500,6.7,2024,50,0,0,0,50,0,128,549.0
Motorola,186.0,12.0,Snapdragon 7 Gen 3,4500,6.7,2024,50,0,0,0,50,0,256,599.0
Motorola,192.0,8.0,Snapdragon 8+ Gen 1,3500,6.7,2023,50,0,0,0,32,0,128,999.0
Motorola,192.0,12.0,Snapdragon 8+ Gen 1,3500,6.7,2023,50,0,0,0,32,0,256,1099.0
Motorola,166.0,8.0,Snapdragon 695,5000,6.5,2023,50,0,0,0,16,0,128,299.0
Motorola,166.0,12.0,Snapdragon 695,5000,6.5,2023,50,0,0,0,16,0,256,349.0
Motorola,195.0,4.0,MediaTek Helio G88,5000,6.8,2023,50,0,0,0,16,0,64,199.0
Motorola,195.0,6.0,MediaTek Helio G88,5000,6.8,2023,50,0,0,0,16,0,128,249.0
Motorola,180.0,6.0,Exynos 9609,3500,6.3,2024,48,0,0,0,25,0,128,299.0
Motorola,180.0,8.0,Exynos 9609,3500,6.3,2024,48,0,0,0,25,0,256,349.0
Motorola,170.0,6.0,Snapdragon 695,5000,6.7,2024,64,0,0,0,32,0,128,399.0
Motorola,170.0,8.0,Snapdragon 695,5000,6.7,2024,64,0,0,0,32,0,256,449.0
Motorola,198.0,4.0,Unisoc T700,5000,6.5,2023,48,0,0,0,8,0,64,199.0
Motorola,198.0,6.0,Unisoc T700,5000,6.5,2023,48,0,0,0,8,0,128,229.0
Motorola,206.0,4.0,Snapdragon 662,5000,6.6,2022,50,0,0,0,16,0,64,249.0
Motorola,206.0,6.0,Snapdragon 662,5000,6.6,2022,50,0,0,0,16,0,128,279.0
Motorola,203.0,3.0,MediaTek Helio G25,5000,6.5,2022,13,0,0,0,5,0,32,149.0
Motorola,203.0,4.0,MediaTek Helio G25,5000,6.5,2022,13,0,0,0,5,0,64,179.0
Motorola,205.0,8.0,Snapdragon 6 Gen 3,5000,6.78,2024,50,0,0,0,16,0,128,320.0
Motorola,205.0,8.0,Snapdragon 6 Gen 3,5000,6.78,2024,50,0,0,0,16,0,256,370.0
Motorola,190.0,8.0,MediaTek Dimensity 8100,4500,6.7,2024,64,0,0,0,32,0,128,300.0
Motorola,190.0,12.0,MediaTek Dimensity 8100,4500,6.7,2024,64,0,0,0,32,0,256,350.0
Motorola,171.0,8.0,MediaTek Dimensity 7300,4310,6.4,2024,50,0,0,0,32,0,256,400.0
Motorola,171.0,12.0,MediaTek Dimensity 7300,4310,6.4,2024,50,0,0,0,32,0,512,450.0
Motorola,182.0,8.0,MediaTek Dimensity 7025,5000,6.49,2024,50,0,0,0,16,0,128,270.0
Motorola,182.0,8.0,MediaTek Dimensity 7025,5000,6.49,2024,50,0,0,0,16,0,256,320.0
Motorola,188.0,4.0,Unisoc T760,5000,6.72,2024,50,0,0,0,16,0,128,200.0
Motorola,188.0,8.0,Unisoc T760,5000,6.72,2024,50,0,0,0,16,0,256,250.0
Motorola,183.0,6.0,Snapdragon 6s Gen 3,5000,6.5,2024,50,0,0,0,16,0,128,250.0
Motorola,183.0,8.0,Snapdragon 6s Gen 3,5000,6.5,2024,50,0,0,0,16,0,256,300.0
Motorola,180.0,8.0,Snapdragon 7s Gen 2,4700,6.7,2024,50,0,0,0,32,0,256,450.0
Motorola,180.0,12.0,Snapdragon 7s Gen 2,4700,6.7,2024,50,0,0,0,32,0,512,500.0
Motorola,189.0,12.0,Snapdragon 8+ Gen 1,4000,6.9,2024,50,0,0,0,32,0,512,1199.0
Motorola,188.0,8.0,Snapdragon 7 Gen 1,3800,6.7,2024,50,0,0,0,32,0,256,999.0
Motorola,173.0,8.0,Snapdragon 6s Gen 3,5000,6.67,2024,50,0,0,0,32,0,128,320.0
Motorola,173.0,12.0,Snapdragon 6s Gen 3,5000,6.67,2024,50,0,0,0,32,0,256,370.0
Motorola,170.0,8.0,MediaTek Dimensity 7200,4300,6.5,2024,50,0,0,0,32,0,256,300.0
Motorola,170.0,12.0,MediaTek Dimensity 7200,4300,6.5,2024,50,0,0,0,32,0,512,350.0
Motorola,180.0,4.0,Unisoc T606,5000,6.5,2024,13,0,0,0,8,0,64,150.0
Motorola,180.0,4.0,Unisoc T606,5000,6.5,2024,13,0,0,0,8,0,128,180.0
Motorola,174.0,8.0,Snapdragon 7s Gen 2,4700,6.7,2024,50,0,0,0,32,0,256,450.0
Motorola,174.0,12.0,Snapdragon 7s Gen 2,4700,6.7,2024,50,0,0,0,32,0,512,500.0
Motorola,198.0,12.0,Snapdragon 8 Gen 3,5000,6.9,2024,200,0,0,0,60,0,512,1499.0
Motorola,195.0,6.0,Snapdragon 6 Gen 1,5000,6.8,2024,50,0,0,0,16,0,256,300.0
Motorola,195.0,8.0,Snapdragon 6 Gen 1,5000,6.8,2024,50,0,0,0,16,0,512,350.0
Motorola,198.0,12.0,Snapdragon 8 Gen 3,5000,6.9,2024,200,0,0,0,60,0,512,1499.0
Motorola,168.0,8.0,Snapdragon 888+ 5G,4400,6.55,2022,50,0,0,0,32,0,128,699.0
Motorola,168.0,12.0,Snapdragon 888+ 5G,4400,6.55,2022,50,0,0,0,32,0,256,749.0
Motorola,155.0,6.0,Snapdragon 695 5G,4020,6.28,2022,64,0,0,0,32,0,128,499.0
Motorola,155.0,8.0,Snapdragon 695 5G,4020,6.28,2022,64,0,0,0,32,0,256,549.0
Motorola,173.0,6.0,Snapdragon 695 5G,5000,6.6,2022,50,0,0,0,16,0,128,399.0
Motorola,173.0,8.0,Snapdragon 695 5G,5000,6.6,2022,50,0,0,0,16,0,256,449.0
Motorola,184.0,4.0,Snapdragon 480+ 5G,5000,6.5,2022,50,0,0,0,16,0,128,349.0
Motorola,184.0,6.0,Snapdragon 480+ 5G,5000,6.5,2022,50,0,0,0,16,0,256,399.0
Motorola,175.0,4.0,Snapdragon 680 4G,5000,6.4,2022,50,0,0,0,16,0,128,299.0
Motorola,184.0,4.0,Snapdragon 680 4G,5000,6.5,2022,50,0,0,0,16,0,128,279.0
Motorola,185.0,3.0,MediaTek Helio G37,5000,6.5,2022,16,0,0,0,8,0,64,199.0
Motorola,169.0,2.0,MediaTek Helio G37,4020,6.5,2022,16,0,0,0,5,0,32,179.0
Motorola,169.0,4.0,MediaTek Helio G37,4020,6.5,2022,16,0,0,0,5,0,64,199.0
Motorola,185.0,4.0,MediaTek Helio G37,5000,6.5,2022,50,0,0,0,16,0,64,249.0
Huawei,170.0,8.0,Kirin 9000S,4600,6.7,2024,50,8,0,0,50,0,256,529.0
Huawei,170.0,8.0,Kirin 9000S,4600,6.7,2024,50,8,0,0,50,0,512,599.0
Huawei,190.0,8.0,Kirin 9000S,4600,6.78,2024,50,8,0,0,60,8,256,649.0
Huawei,190.0,8.0,Kirin 9000S,4600,6.78,2024,50,8,0,0,60,8,512,729.0
Nokia,193.0,4.0,Snapdragon 480+,5000,6.56,2023,50,0,0,0,8,0,128,229.0
Nokia,197.0,4.0,MediaTek G35,5050,6.52,2021,48,0,0,0,8,0,64,169.0
Nokia,197.0,4.0,MediaTek G35,5050,6.52,2021,48,0,0,0,8,0,128,189.0
Nokia,199.0,3.0,Unisoc SC9863A,5000,6.52,2023,50,0,0,0,8,0,64,139.0
Nokia,199.0,4.0,Unisoc SC9863A,5000,6.52,2023,50,0,0,0,8,0,128,159.0
Nokia,190.0,4.0,Unisoc T606,5050,6.5,2022,50,0,0,0,8,0,64,169.0
Nokia,190.0,6.0,Unisoc T606,5050,6.5,2022,50,0,0,0,8,0,128,189.0
Nokia,190.0,2.0,Unisoc SC9863A,5000,6.5,2023,13,0,0,0,8,0,64,119.0
Nokia,190.0,3.0,Unisoc SC9863A,5000,6.5,2023,13,0,0,0,8,0,128,139.0
Nokia,198.0,6.0,Snapdragon 480,5000,6.58,2022,48,0,0,0,16,0,128,239.0
Sony,185.0,12.0,Snapdragon 8 Gen 1,5000,6.5,2022,12,0,0,0,12,0,256,1599.0
Sony,172.0,8.0,Snapdragon 8 Gen 1,5000,6.1,2022,12,0,0,0,12,0,128,999.0
Sony,161.0,6.0,Snapdragon 695,5000,6.0,2022,12,0,0,0,8,0,128,499.0
Sony,187.0,12.0,Snapdragon 8 Gen 2,5000,6.5,2023,48,0,0,0,12,0,256,1699.0
Sony,178.0,8.0,Snapdragon 8 Gen 2,5000,6.1,2023,48,0,0,0,12,0,128,1099.0
Sony,164.0,6.0,Snapdragon 695,5000,6.1,2023,48,0,0,0,8,0,128,599.0
Sony,180.0,8.0,Snapdragon 8 Gen 3,5000,6.1,2024,48,0,0,0,12,0,128,1199.0
Sony,167.0,6.0,Snapdragon 7 Gen 1,5000,6.1,2024,48,0,0,0,8,0,128,699.0
Huawei,508.0,12.0,Kirin 9000S,10100,12.2,2024,13,0,0,0,16,0,512,999.0
Huawei,580.0,12.0,Kirin 9000S,10100,13.2,2024,13,0,0,0,16,0,512,877.0
Google,147.0,4.0,Snapdragon 670,3000,5.6,2019,12,0,0,0,8,0,64,399.0
Google,167.0,4.0,Snapdragon 670,3700,6.0,2019,12,0,0,0,8,0,64,479.0
Google,162.0,6.0,Snapdragon 855,2800,5.7,2019,12,0,0,0,8,0,64,799.0
Google,193.0,6.0,Snapdragon 855,3700,6.3,2019,12,0,0,0,8,0,64,899.0
Google,143.0,6.0,Snapdragon 730G,3140,5.8,2020,12,0,0,0,8,0,128,349.0
Google,168.0,6.0,Snapdragon 765G,3885,6.2,2020,12,0,0,0,8,0,128,499.0
Google,151.0,8.0,Snapdragon 765G,4080,6.0,2020,12,0,0,0,8,0,128,699.0
Google,183.0,6.0,Snapdragon 765G,4680,6.34,2021,12,0,0,0,8,0,128,449.0
Google,207.0,8.0,Google Tensor,4614,6.4,2021,50,0,0,0,8,0,128,699.0
Google,210.0,12.0,Google Tensor,5003,6.71,2021,50,0,0,0,11,0,256,899.0
Google,178.0,6.0,Google Tensor,4410,6.1,2022,12,0,0,0,8,0,128,449.0
Google,197.0,8.0,Google Tensor G2,4355,6.3,2022,50,0,0,0,10,0,128,599.0
Google,212.0,12.0,Google Tensor G2,5000,6.7,2022,50,0,0,0,10,0,256,899.0
Google,193.0,8.0,Google Tensor G2,4385,6.1,2023,64,0,0,0,10,0,128,499.0
Google,187.0,8.0,Google Tensor G3,4575,6.2,2023,50,0,0,0,10,0,128,699.0
Google,213.0,12.0,Google Tensor G3,5050,6.7,2023,50,0,0,0,10,0,256,999.0
Google,194.0,8.0,Google Tensor G3,4385,6.1,2024,64,0,0,0,10,0,128,549.0
Google,195.0,8.0,Google Tensor G4,4600,6.3,2024,50,0,0,0,10,0,128,799.0
Google,216.0,12.0,Google Tensor G4,5050,6.7,2024,50,0,0,0,10,0,256,1099.0
Google,222.0,16.0,Google Tensor G4,5250,6.8,2024,50,0,0,0,10,0,512,1299.0
Tecno,190.0,4.0,MediaTek Helio A22,5000,6.6,2024,13,0,0,0,8,0,64,129.0
Tecno,450.0,8.0,MediaTek G99,8000,11.0,2024,50,0,0,0,13,0,256,349.0
Tecno,195.0,3.0,Unisoc SC9863A,5000,6.52,2024,8,0,0,0,5,0,64,99.0
Tecno,420.0,6.0,MediaTek Helio G80,7500,10.9,2024,50,0,0,0,12,0,128,299.0
Tecno,198.0,8.0,MediaTek Dimensity 810,5200,6.8,2024,50,0,0,0,32,0,256,499.0
Tecno,200.0,6.0,MediaTek Dimensity 6100+,5000,6.6,2024,50,0,0,0,16,0,128,199.0
Tecno,195.0,6.0,MediaTek Dimensity 6020,5000,6.6,2024,50,0,0,0,16,0,128,229.0
Tecno,190.0,3.0,Unisoc SC9832E,5000,6.52,2024,8,0,0,0,5,0,64,89.0
Tecno,205.0,8.0,MediaTek Helio G99,5200,6.8,2024,50,0,0,0,32,0,256,269.0
Tecno,192.0,4.0,MediaTek Helio G85,5000,6.6,2024,50,0,0,0,16,0,128,179.0
Tecno,195.0,8.0,MediaTek Dimensity 8050,4300,6.9,2024,50,0,0,0,32,0,256,999.0
Tecno,225.0,8.0,MediaTek Dimensity 810,6000,6.8,2024,50,0,0,0,16,0,256,349.0
Tecno,190.0,4.0,MediaTek Helio G85,5000,6.6,2024,50,0,0,0,16,0,128,149.0
Tecno,195.0,3.0,Unisoc SC9863A,5000,6.52,2024,8,0,0,0,5,0,64,99.0
Tecno,202.0,12.0,MediaTek Dimensity 9200,5200,6.9,2024,108,0,0,0,50,0,512,1099.0
Tecno,195.0,4.0,MediaTek Helio G85,5000,6.6,2024,50,0,0,0,16,0,128,179.0
Tecno,210.0,8.0,MediaTek Dimensity 810,5200,6.8,2024,50,0,0,0,32,0,256,329.0
Tecno,230.0,8.0,MediaTek Helio G99,6000,6.8,2024,50,0,0,0,16,0,256,299.0
Tecno,210.0,12.0,MediaTek Dimensity 9200,5200,6.9,2024,108,0,0,0,50,0,512,1199.0
Tecno,205.0,12.0,MediaTek Dimensity 8200,5200,6.8,2024,64,0,0,0,50,0,512,899.0
Tecno,198.0,8.0,MediaTek Dimensity 810,5000,6.7,2024,50,0,0,0,32,0,256,499.0
Tecno,195.0,6.0,MediaTek Helio G99,5000,6.7,2024,50,0,0,0,32,0,128,349.0
Tecno,230.0,12.0,MediaTek Dimensity 8100,6000,6.9,2024,64,0,0,0,32,0,512,1099.0
Tecno,210.0,8.0,MediaTek Helio G99,5200,6.8,2024,50,0,0,0,32,0,256,269.0
Tecno,195.0,6.0,MediaTek Helio G85,5000,6.6,2024,50,0,0,0,16,0,128,199.0
Tecno,192.0,4.0,MediaTek Helio G85,5000,6.6,2024,50,0,0,0,16,0,128,179.0
Tecno,190.0,4.0,MediaTek Helio G85,5000,6.6,2024,50,0,0,0,16,0,128,149.0
Tecno,195.0,3.0,Unisoc SC9863A,5000,6.52,2024,8,0,0,0,5,0,64,99.0
Tecno,195.0,3.0,Unisoc SC9832E,5000,6.52,2024,8,0,0,0,5,0,64,89.0
Tecno,202.0,12.0,MediaTek Dimensity 9200,5200,6.9,2024,108,0,0,0,50,0,512,1099.0
Tecno,202.0,12.0,MediaTek Dimensity 810,5200,6.9,2024,108,0,0,0,50,0,256,899.0
Tecno,200.0,8.0,MediaTek Helio G99,5000,6.7,2024,50,0,0,0,32,0,256,449.0
Tecno,205.0,12.0,MediaTek Dimensity 8200,5200,6.8,2024,108,0,0,0,50,0,512,1049.0
Tecno,200.0,8.0,MediaTek Dimensity 810,5000,6.7,2024,50,0,0,0,32,0,256,499.0
Tecno,198.0,6.0,MediaTek Helio G99,5000,6.7,2024,50,0,0,0,32,0,128,349.0
Tecno,195.0,6.0,MediaTek Helio G99,5000,6.7,2024,50,0,0,0,32,0,128,349.0
Tecno,240.0,8.0,MediaTek Dimensity 900,6000,6.9,2024,50,0,0,0,32,0,512,699.0
Tecno,230.0,8.0,MediaTek Helio G99,6000,6.8,2024,50,0,0,0,16,0,256,329.0
Infinix,196.0,8.0,MediaTek Helio G88,5000,6.78,2023,50,0,0,0,8,0,128,199.0
Infinix,191.0,4.0,Unisoc T606,5000,6.6,2023,13,0,0,0,8,0,128,159.0
Infinix,191.0,4.0,Unisoc T606,5000,6.6,2023,13,0,0,0,8,0,128,159.0
Infinix,205.0,4.0,MediaTek Helio G37,6000,6.82,2023,16,0,0,0,8,0,128,179.0
Infinix,202.0,8.0,MediaTek Dimensity 810,5000,6.78,2023,50,0,0,0,8,0,128,239.0
Infinix,185.0,8.0,MediaTek Dimensity 8020,5000,6.78,2023,108,0,0,0,50,0,256,349.0
Infinix,185.0,12.0,MediaTek Dimensity 8020,5000,6.78,2023,108,0,0,0,50,0,256,379.0
Infinix,187.0,8.0,MediaTek Dimensity 8050,5000,6.67,2023,108,0,0,0,32,0,256,399.0
Infinix,195.0,6.0,MediaTek Helio G85,5000,6.82,2022,13,0,0,0,8,0,128,179.0
Infinix,209.0,4.0,Unisoc T610,6000,6.82,2022,13,0,0,0,8,0,128,159.0
Infinix,191.0,8.0,Unisoc T616,5000,6.6,2022,50,0,0,0,8,0,128,199.0
Infinix,190.0,4.0,MediaTek Helio A22,5000,6.6,2022,13,0,0,0,8,0,64,139.0
Infinix,198.0,6.0,MediaTek Helio G85,5000,6.82,2022,50,0,0,0,8,0,128,199.0
Infinix,209.0,4.0,MediaTek Helio G37,6000,6.82,2022,13,0,0,0,8,0,128,159.0
Infinix,202.0,8.0,MediaTek Helio G96,5000,6.78,2022,50,0,0,0,8,0,128,219.0
Infinix,204.0,6.0,MediaTek Dimensity 810,5000,6.6,2022,50,0,0,0,8,0,128,239.0
Infinix,195.0,4.0,MediaTek Helio G25,5000,6.6,2022,13,0,0,0,8,0,64,139.0
Infinix,205.0,4.0,MediaTek Helio G70,5000,6.82,2021,48,0,0,0,8,0,128,149.0
Infinix,211.0,6.0,MediaTek Helio G85,6000,6.82,2021,48,0,0,0,8,0,128,169.0
Infinix,211.0,6.0,MediaTek Helio G85,6000,6.82,2021,48,0,0,0,8,0,128,179.0
Infinix,195.0,3.0,MediaTek Helio A25,5000,6.6,2020,13,0,0,0,8,0,64,109.0
Infinix,207.0,4.0,MediaTek Helio G25,6000,6.82,2021,13,0,0,0,8,0,64,139.0
Infinix,201.0,4.0,MediaTek Helio G70,5200,6.6,2021,13,0,0,0,8,0,128,159.0
Infinix,209.0,4.0,MediaTek Helio G35,6000,6.82,2021,13,0,0,0,8,0,128,169.0
Infinix,205.0,6.0,MediaTek Helio G88,5000,6.78,2021,50,0,0,0,8,0,128,189.0
Infinix,195.0,2.0,MediaTek Helio A20,5000,6.1,2020,8,0,0,0,5,0,32,79.0
Infinix,210.0,6.0,MediaTek Helio G80,5200,6.78,2020,48,0,0,0,8,0,128,199.0
Infinix,210.0,6.0,MediaTek Helio G80,5200,6.95,2020,64,0,0,0,16,0,128,229.0
Infinix,210.0,8.0,MediaTek Helio G90T,4500,6.85,2020,48,0,0,0,16,0,128,249.0
Infinix,204.0,4.0,MediaTek Helio G70,5200,6.78,2020,16,0,0,0,8,0,128,159.0
Infinix,205.0,8.0,MediaTek Helio G90T,4500,6.85,2020,64,0,0,0,48,0,128,279.0
Infinix,195.0,3.0,MediaTek Helio A20,5000,6.6,2020,13,0,0,0,8,0,64,99.0
POCO,219.0,6.0,Snapdragon 865,4700,6.67,2020,64,0,0,0,20,0,128,499.0
POCO,209.0,4.0,Snapdragon 720G,5000,6.67,2020,48,0,0,0,16,0,64,199.0
POCO,215.0,6.0,Snapdragon 732G,5160,6.67,2020,64,0,0,0,20,0,128,229.0
POCO,198.0,4.0,Snapdragon 662,6000,6.53,2020,48,0,0,0,8,0,64,149.0
POCO,196.0,6.0,Snapdragon 870,4520,6.67,2021,48,0,0,0,20,0,128,349.0
POCO,215.0,6.0,Snapdragon 860,5160,6.67,2021,48,0,0,0,20,0,128,249.0
POCO,190.0,4.0,MediaTek Dimensity 700,5000,6.5,2021,48,0,0,0,8,0,64,199.0
POCO,205.0,6.0,MediaTek Dimensity 1200,5065,6.67,2021,64,0,0,0,16,0,128,399.0
POCO,193.0,6.0,MediaTek Dimensity 1100,5000,6.6,2021,64,0,0,0,16,0,128,279.0
POCO,195.0,4.0,MediaTek Dimensity 810,5000,6.6,2021,50,0,0,0,16,0,128,219.0
POCO,195.0,6.0,Snapdragon 870,4500,6.67,2022,64,0,0,0,20,0,128,349.0
POCO,210.0,8.0,Snapdragon 8 Gen 1,4700,6.67,2022,64,0,0,0,20,0,128,499.0
POCO,205.0,6.0,Snapdragon 695,5000,6.67,2022,108,0,0,0,16,0,128,299.0
POCO,179.0,6.0,MediaTek Helio G96,5000,6.43,2022,64,0,0,0,16,0,128,219.0
POCO,201.0,4.0,MediaTek Helio G99,5000,6.58,2022,50,0,0,0,5,0,128,199.0
POCO,178.8,4.0,MediaTek Helio G95,5000,6.43,2022,64,0,0,0,13,0,128,229.0
POCO,181.0,6.0,Snapdragon 7+ Gen 2,5000,6.67,2023,64,0,0,0,16,0,128,349.0
POCO,204.0,8.0,Snapdragon 8+ Gen 1,5160,6.67,2023,64,0,0,0,20,0,256,499.0
POCO,189.0,6.0,Snapdragon 695,5000,6.67,2023,48,0,0,0,13,0,128,279.0
POCO,181.0,6.0,Snapdragon 778G,5000,6.67,2023,108,0,0,0,16,0,128,329.0
POCO,199.0,4.0,MediaTek Helio G88,5000,6.58,2023,50,0,0,0,8,0,64,199.0
POCO,202.0,6.0,Snapdragon 4 Gen 1,5000,6.79,2023,50,0,0,0,8,0,128,219.0
POCO,193.0,6.0,MediaTek Dimensity 8100,5000,6.67,2024,64,0,0,0,16,0,128,349.0
POCO,205.0,8.0,MediaTek Dimensity 8300,5000,6.67,2024,108,0,0,0,20,0,256,399.0
POCO,190.0,6.0,Snapdragon 8 Gen 2,5000,6.67,2024,64,0,0,0,20,0,128,449.0
POCO,210.0,8.0,Snapdragon 8+ Gen 2,5160,6.67,2024,108,0,0,0,20,0,256,549.0
POCO,190.0,4.0,MediaTek Helio G85,5000,6.5,2024,50,0,0,0,5,0,64,149.0
POCO,195.0,6.0,MediaTek Dimensity 8200,5000,6.67,2025,64,0,0,0,16,0,128,329.0
POCO,207.0,8.0,MediaTek Dimensity 8400,6000,6.67,2025,108,0,0,0,20,0,256,399.0
POCO,198.0,6.0,MediaTek Dimensity 7025,5110,6.67,2024,50,0,0,0,8,0,128,229.0
Poco,571.0,8.0,Snapdragon 7s Gen 2,10000,12.1,2024,8,0,0,0,8,0,128,280.0
Poco,571.0,8.0,Snapdragon 7s Gen 2,10000,12.1,2024,8,0,0,0,8,0,256,300.0
Samsung,239.0,12.0,Snapdragon 8 Gen 3,4400,7.6,2024,50,0,0,0,10,4,512,1719.0
